"STATION","NAME","LATITUDE","LONGITUDE","ELEVATION","DATE","TAVG","TAVG_ATTRIBUTES","TMAX","TMAX_ATTRIBUTES","TMIN","TMIN_ATTRIBUTES"
"USW00093134","LOS ANGELES DOWNTOWN USC, CA US","34.0236","-118.2911","54.6","2021-01-01",,,"70",",,W","45",",,W"
"USW00093134","LOS ANGELES DOWNTOWN USC, CA US","34.0236","-118.2911","54.6","2021-01-02",,,"66",",,W","47",",,W"
"USW00093134","LOS ANGELES DOWNTOWN USC, CA US","34.0236","-118.2911","54.6","2021-01-03",,,"64",",,W","50",",,W"
"USW00093134","LOS ANGELES DOWNTOWN USC, CA US","34.0236","-118.2911","54.6","2021-01-04",,,"62",",,W","48",",,W"
"USW00093134","LOS ANGELES DOWNTOWN USC, CA US","34.0236","-118.2911","54.6","2021-01-05",,,"63",",,W","48",",,W"
"USW00093134","LOS ANGELES DOWNTOWN USC, CA US","34.0236","-118.2911","54.6","2021-01-06",,,"72",",,W","48",",,W"
"USW00093134","LOS ANGELES DOWNTOWN USC, CA US","34.0236","-118.2911","54.6","2021-01-07",,,"75",",,W","45",",,W"
"USW00093134","LOS ANGELES DOWNTOWN USC, CA US","34.0236","-118.2911","54.6","2021-01-08",,,"68",",,W","46",",,W"
"USW00093134","LOS ANGELES DOWNTOWN USC, CA US","34.0236","-118.2911","54.6","2021-01-09",,,"74",",,W","49",",,W"
"USW00093134","LOS ANGELES DOWNTOWN USC, CA US","34.0236","-118.2911","54.6","2021-01-10",,,"72",",,W","47",",,W"
"USW00093134","LOS ANGELES DOWNTOWN USC, CA US","34.0236","-118.2911","54.6","2021-01-11",,,"74",",,W","46",",,W"
"USW00093134","LOS ANGELES DOWNTOWN USC, CA US","34.0236","-118.2911","54.6","2021-01-12",,,"72",",,W","48",",,W"
"USW00093134","LOS ANGELES DOWNTOWN USC, CA US","34.0236","-118.2911","54.6","2021-01-13",,,"75",",,W","48",",,W"
"USW00093134","LOS ANGELES DOWNTOWN USC, CA US","34.0236","-118.2911","54.6","2021-01-14",,,"83",",,W","50",",,W"
"USW00093134","LOS ANGELES DOWNTOWN USC, CA US","34.0236","-118.2911","54.6","2021-01-15",,,"88",",,W","52",",,W"
"USW00093134","LOS ANGELES DOWNTOWN USC, CA US","34.0236","-118.2911","54.6","2021-01-16",,,"88",",,W","54",",,W"
"USW00093134","LOS ANGELES DOWNTOWN USC, CA US","34.0236","-118.2911","54.6","2021-01-17",,,"86",",,W","54",",,W"
"USW00093134","LOS ANGELES DOWNTOWN USC, CA US","34.0236","-118.2911","54.6","2021-01-18",,,"79",",,W","53",",,W"
"USW00093134","LOS ANGELES DOWNTOWN USC, CA US","34.0236","-118.2911","54.6","2021-01-19",,,"71",",,W","56",",,W"
"USW00093134","LOS ANGELES DOWNTOWN USC, CA US","34.0236","-118.2911","54.6","2021-01-20",,,"77",",,W","53",",,W"
"USW00093134","LOS ANGELES DOWNTOWN USC, CA US","34.0236","-118.2911","54.6","2021-01-21",,,"71",",,W","53",",,W"
"USW00093134","LOS ANGELES DOWNTOWN USC, CA US","34.0236","-118.2911","54.6","2021-01-22",,,"64",",,W","51",",,W"
"USW00093134","LOS ANGELES DOWNTOWN USC, CA US","34.0236","-118.2911","54.6","2021-01-23",,,"56",",,W","48",",,W"
"USW00093134","LOS ANGELES DOWNTOWN USC, CA US","34.0236","-118.2911","54.6","2021-01-24",,,"60",",,W","43",",,W"
"USW00093134","LOS ANGELES DOWNTOWN USC, CA US","34.0236","-118.2911","54.6","2021-01-25",,,"56",",,W","43",",,W"
"USW00093134","LOS ANGELES DOWNTOWN USC, CA US","34.0236","-118.2911","54.6","2021-01-26",,,"58",",,W","40",",,W"
"USW00093134","LOS ANGELES DOWNTOWN USC, CA US","34.0236","-118.2911","54.6","2021-01-27",,,"61",",,W","50",",,W"
"USW00093134","LOS ANGELES DOWNTOWN USC, CA US","34.0236","-118.2911","54.6","2021-01-28",,,"65",",,W","46",",,W"
"USW00093134","LOS ANGELES DOWNTOWN USC, CA US","34.0236","-118.2911","54.6","2021-01-29",,,"54",",,W","46",",,W"
"USW00093134","LOS ANGELES DOWNTOWN USC, CA US","34.0236","-118.2911","54.6","2021-01-30",,,"64",",,W","44",",,W"
"USW00093134","LOS ANGELES DOWNTOWN USC, CA US","34.0236","-118.2911","54.6","2021-01-31",,,"71",",,W","48",",,W"
"USW00093134","LOS ANGELES DOWNTOWN USC, CA US","34.0236","-118.2911","54.6","2021-02-01",,,"73",",,W","58",",,W"
"USW00093134","LOS ANGELES DOWNTOWN USC, CA US","34.0236","-118.2911","54.6","2021-02-02",,,"71",",,W","54",",,W"
"USW00093134","LOS ANGELES DOWNTOWN USC, CA US","34.0236","-118.2911","54.6","2021-02-03",,,"67",",,W","49",",,W"
"USW00093134","LOS ANGELES DOWNTOWN USC, CA US","34.0236","-118.2911","54.6","2021-02-04",,,"66",",,W","52",",,W"
"USW00093134","LOS ANGELES DOWNTOWN USC, CA US","34.0236","-118.2911","54.6","2021-02-05",,,"69",",,W","50",",,W"
"USW00093134","LOS ANGELES DOWNTOWN USC, CA US","34.0236","-118.2911","54.6","2021-02-06",,,"73",",,W","47",",,W"
"USW00093134","LOS ANGELES DOWNTOWN USC, CA US","34.0236","-118.2911","54.6","2021-02-07",,,"69",",,W","48",",,W"
"USW00093134","LOS ANGELES DOWNTOWN USC, CA US","34.0236","-118.2911","54.6","2021-02-08",,,"65",",,W","51",",,W"
"USW00093134","LOS ANGELES DOWNTOWN USC, CA US","34.0236","-118.2911","54.6","2021-02-09",,,"62",",,W","54",",,W"
"USW00093134","LOS ANGELES DOWNTOWN USC, CA US","34.0236","-118.2911","54.6","2021-02-10",,,"62",",,W","52",",,W"
"USW00093134","LOS ANGELES DOWNTOWN USC, CA US","34.0236","-118.2911","54.6","2021-02-11",,,"68",",,W","48",",,W"
"USW00093134","LOS ANGELES DOWNTOWN USC, CA US","34.0236","-118.2911","54.6","2021-02-12",,,"70",",,W","55",",,W"
"USW00093134","LOS ANGELES DOWNTOWN USC, CA US","34.0236","-118.2911","54.6","2021-02-13",,,"64",",,W","54",",,W"
"USW00093134","LOS ANGELES DOWNTOWN USC, CA US","34.0236","-118.2911","54.6","2021-02-14",,,"71",",,W","57",",,W"
"USW00093134","LOS ANGELES DOWNTOWN USC, CA US","34.0236","-118.2911","54.6","2021-02-15",,,"66",",,W","52",",,W"
"USW00093134","LOS ANGELES DOWNTOWN USC, CA US","34.0236","-118.2911","54.6","2021-02-16",,,"70",",,W","53",",,W"
"USW00093134","LOS ANGELES DOWNTOWN USC, CA US","34.0236","-118.2911","54.6","2021-02-17",,,"71",",,W","49",",,W"
"USW00093134","LOS ANGELES DOWNTOWN USC, CA US","34.0236","-118.2911","54.6","2021-02-18",,,"69",",,W","47",",,W"
"USW00093134","LOS ANGELES DOWNTOWN USC, CA US","34.0236","-118.2911","54.6","2021-02-19",,,"71",",,W","47",",,W"
"USW00093134","LOS ANGELES DOWNTOWN USC, CA US","34.0236","-118.2911","54.6","2021-02-20",,,"68",",,W","47",",,W"
"USW00093134","LOS ANGELES DOWNTOWN USC, CA US","34.0236","-118.2911","54.6","2021-02-21",,,"73",",,W","46",",,W"
"USW00093134","LOS ANGELES DOWNTOWN USC, CA US","34.0236","-118.2911","54.6","2021-02-22",,,"82",",,W","48",",,W"
"USW00093134","LOS ANGELES DOWNTOWN USC, CA US","34.0236","-118.2911","54.6","2021-02-23",,,"79",",,W","53",",,W"
"USW00093134","LOS ANGELES DOWNTOWN USC, CA US","34.0236","-118.2911","54.6","2021-02-24",,,"75",",,W","52",",,W"
"USW00093134","LOS ANGELES DOWNTOWN USC, CA US","34.0236","-118.2911","54.6","2021-02-25",,,"74",",,W","51",",,W"
"USW00093134","LOS ANGELES DOWNTOWN USC, CA US","34.0236","-118.2911","54.6","2021-02-26",,,"74",",,W","47",",,W"
"USW00093134","LOS ANGELES DOWNTOWN USC, CA US","34.0236","-118.2911","54.6","2021-02-27",,,"75",",,W","50",",,W"
"USW00093134","LOS ANGELES DOWNTOWN USC, CA US","34.0236","-118.2911","54.6","2021-02-28",,,"73",",,W","49",",,W"
"USW00093134","LOS ANGELES DOWNTOWN USC, CA US","34.0236","-118.2911","54.6","2021-03-01",,,"76",",,W","50",",,W"
"USW00093134","LOS ANGELES DOWNTOWN USC, CA US","34.0236","-118.2911","54.6","2021-03-02",,,"76",",,W","49",",,W"
"USW00093134","LOS ANGELES DOWNTOWN USC, CA US","34.0236","-118.2911","54.6","2021-03-03",,,"58",",,W","48",",,W"
"USW00093134","LOS ANGELES DOWNTOWN USC, CA US","34.0236","-118.2911","54.6","2021-03-04",,,"67",",,W","46",",,W"
"USW00093134","LOS ANGELES DOWNTOWN USC, CA US","34.0236","-118.2911","54.6","2021-03-05",,,"78",",,W","49",",,W"
"USW00093134","LOS ANGELES DOWNTOWN USC, CA US","34.0236","-118.2911","54.6","2021-03-06",,,"69",",,W","51",",,W"
"USW00093134","LOS ANGELES DOWNTOWN USC, CA US","34.0236","-118.2911","54.6","2021-03-07",,,"64",",,W","55",",,W"
"USW00093134","LOS ANGELES DOWNTOWN USC, CA US","34.0236","-118.2911","54.6","2021-03-08",,,"66",",,W","54",",,W"
"USW00093134","LOS ANGELES DOWNTOWN USC, CA US","34.0236","-118.2911","54.6","2021-03-09",,,"63",",,W","48",",,W"
"USW00093134","LOS ANGELES DOWNTOWN USC, CA US","34.0236","-118.2911","54.6","2021-03-10",,,"59",",,W","47",",,W"
"USW00093134","LOS ANGELES DOWNTOWN USC, CA US","34.0236","-118.2911","54.6","2021-03-11",,,"58",",,W","46",",,W"
"USW00093134","LOS ANGELES DOWNTOWN USC, CA US","34.0236","-118.2911","54.6","2021-03-12",,,"60",",,W","44",",,W"
"USW00093134","LOS ANGELES DOWNTOWN USC, CA US","34.0236","-118.2911","54.6","2021-03-13",,,"64",",,W","46",",,W"
"USW00093134","LOS ANGELES DOWNTOWN USC, CA US","34.0236","-118.2911","54.6","2021-03-14",,,"64",",,W","53",",,W"
"USW00093134","LOS ANGELES DOWNTOWN USC, CA US","34.0236","-118.2911","54.6","2021-03-15",,,"58",",,W","47",",,W"
"USW00093134","LOS ANGELES DOWNTOWN USC, CA US","34.0236","-118.2911","54.6","2021-03-16",,,"61",",,W","45",",,W"
"USW00093134","LOS ANGELES DOWNTOWN USC, CA US","34.0236","-118.2911","54.6","2021-03-17",,,"67",",,W","45",",,W"
"USW00093134","LOS ANGELES DOWNTOWN USC, CA US","34.0236","-118.2911","54.6","2021-03-18",,,"66",",,W","51",",,W"
"USW00093134","LOS ANGELES DOWNTOWN USC, CA US","34.0236","-118.2911","54.6","2021-03-19",,,"72",",,W","50",",,W"
"USW00093134","LOS ANGELES DOWNTOWN USC, CA US","34.0236","-118.2911","54.6","2021-03-20",,,"68",",,W","55",",,W"
"USW00093134","LOS ANGELES DOWNTOWN USC, CA US","34.0236","-118.2911","54.6","2021-03-21",,,"69",",,W","49",",,W"
"USW00093134","LOS ANGELES DOWNTOWN USC, CA US","34.0236","-118.2911","54.6","2021-03-22",,,"69",",,W","53",",,W"
"USW00093134","LOS ANGELES DOWNTOWN USC, CA US","34.0236","-118.2911","54.6","2021-03-23",,,"71",",,W","52",",,W"
"USW00093134","LOS ANGELES DOWNTOWN USC, CA US","34.0236","-118.2911","54.6","2021-03-24",,,"73",",,W","55",",,W"
"USW00093134","LOS ANGELES DOWNTOWN USC, CA US","34.0236","-118.2911","54.6","2021-03-25",,,"64",",,W","52",",,W"
"USW00093134","LOS ANGELES DOWNTOWN USC, CA US","34.0236","-118.2911","54.6","2021-03-26",,,"65",",,W","51",",,W"
"USW00093134","LOS ANGELES DOWNTOWN USC, CA US","34.0236","-118.2911","54.6","2021-03-27",,,"76",",,W","49",",,W"
"USW00093134","LOS ANGELES DOWNTOWN USC, CA US","34.0236","-118.2911","54.6","2021-03-28",,,"86",",,W","53",",,W"
"USW00093134","LOS ANGELES DOWNTOWN USC, CA US","34.0236","-118.2911","54.6","2021-03-29",,,"80",",,W","54",",,W"
"USW00093134","LOS ANGELES DOWNTOWN USC, CA US","34.0236","-118.2911","54.6","2021-03-30",,,"75",",,W","56",",,W"
"USW00093134","LOS ANGELES DOWNTOWN USC, CA US","34.0236","-118.2911","54.6","2021-03-31",,,"88",",,W","54",",,W"
"USW00093134","LOS ANGELES DOWNTOWN USC, CA US","34.0236","-118.2911","54.6","2021-04-01",,,"88",",,W","61",",,W"
"USW00093134","LOS ANGELES DOWNTOWN USC, CA US","34.0236","-118.2911","54.6","2021-04-02",,,"75",",,W","56",",,W"
"USW00093134","LOS ANGELES DOWNTOWN USC, CA US","34.0236","-118.2911","54.6","2021-04-03",,,"70",",,W","55",",,W"
"USW00093134","LOS ANGELES DOWNTOWN USC, CA US","34.0236","-118.2911","54.6","2021-04-04",,,"76",",,W","52",",,W"
"USW00093134","LOS ANGELES DOWNTOWN USC, CA US","34.0236","-118.2911","54.6","2021-04-05",,,"72",",,W","55",",,W"
"USW00093134","LOS ANGELES DOWNTOWN USC, CA US","34.0236","-118.2911","54.6","2021-04-06",,,"70",",,W","54",",,W"
"USW00093134","LOS ANGELES DOWNTOWN USC, CA US","34.0236","-118.2911","54.6","2021-04-07",,,"73",",,W","55",",,W"
"USW00093134","LOS ANGELES DOWNTOWN USC, CA US","34.0236","-118.2911","54.6","2021-04-08",,,"75",",,W","55",",,W"
"USW00093134","LOS ANGELES DOWNTOWN USC, CA US","34.0236","-118.2911","54.6","2021-04-09",,,"74",",,W","55",",,W"
"USW00093134","LOS ANGELES DOWNTOWN USC, CA US","34.0236","-118.2911","54.6","2021-04-10",,,"77",",,W","55",",,W"
"USW00093134","LOS ANGELES DOWNTOWN USC, CA US","34.0236","-118.2911","54.6","2021-04-11",,,"74",",,W","58",",,W"
"USW00093134","LOS ANGELES DOWNTOWN USC, CA US","34.0236","-118.2911","54.6","2021-04-12",,,"68",",,W","58",",,W"
"USW00093134","LOS ANGELES DOWNTOWN USC, CA US","34.0236","-118.2911","54.6","2021-04-13",,,"63",",,W","57",",,W"
"USW00093134","LOS ANGELES DOWNTOWN USC, CA US","34.0236","-118.2911","54.6","2021-04-14",,,"65",",,W","54",",,W"
"USW00093134","LOS ANGELES DOWNTOWN USC, CA US","34.0236","-118.2911","54.6","2021-04-15",,,"68",",,W","51",",,W"
"USW00093134","LOS ANGELES DOWNTOWN USC, CA US","34.0236","-118.2911","54.6","2021-04-16",,,"71",",,W","56",",,W"
"USW00093134","LOS ANGELES DOWNTOWN USC, CA US","34.0236","-118.2911","54.6","2021-04-17",,,"71",",,W","55",",,W"
"USW00093134","LOS ANGELES DOWNTOWN USC, CA US","34.0236","-118.2911","54.6","2021-04-18",,,"89",",,W","55",",,W"
"USW00093134","LOS ANGELES DOWNTOWN USC, CA US","34.0236","-118.2911","54.6","2021-04-19",,,"85",",,W","59",",,W"
"USW00093134","LOS ANGELES DOWNTOWN USC, CA US","34.0236","-118.2911","54.6","2021-04-20",,,"74",",,W","57",",,W"
"USW00093134","LOS ANGELES DOWNTOWN USC, CA US","34.0236","-118.2911","54.6","2021-04-21",,,"66",",,W","58",",,W"
"USW00093134","LOS ANGELES DOWNTOWN USC, CA US","34.0236","-118.2911","54.6","2021-04-22",,,"63",",,W","58",",,W"
"USW00093134","LOS ANGELES DOWNTOWN USC, CA US","34.0236","-118.2911","54.6","2021-04-23",,,"65",",,W","58",",,W"
"USW00093134","LOS ANGELES DOWNTOWN USC, CA US","34.0236","-118.2911","54.6","2021-04-24",,,"66",",,W","56",",,W"
"USW00093134","LOS ANGELES DOWNTOWN USC, CA US","34.0236","-118.2911","54.6","2021-04-25",,,"68",",,W","56",",,W"
"USW00093134","LOS ANGELES DOWNTOWN USC, CA US","34.0236","-118.2911","54.6","2021-04-26",,,"65",",,W","55",",,W"
"USW00093134","LOS ANGELES DOWNTOWN USC, CA US","34.0236","-118.2911","54.6","2021-04-27",,,"68",",,W","56",",,W"
"USW00093134","LOS ANGELES DOWNTOWN USC, CA US","34.0236","-118.2911","54.6","2021-04-28",,,"80",",,W","53",",,W"
"USW00093134","LOS ANGELES DOWNTOWN USC, CA US","34.0236","-118.2911","54.6","2021-04-29",,,"87",",,W","58",",,W"
"USW00093134","LOS ANGELES DOWNTOWN USC, CA US","34.0236","-118.2911","54.6","2021-04-30",,,"90",",,W","61",",,W"
"USW00093134","LOS ANGELES DOWNTOWN USC, CA US","34.0236","-118.2911","54.6","2021-05-01",,,"76",",,W","58",",,W"
"USW00093134","LOS ANGELES DOWNTOWN USC, CA US","34.0236","-118.2911","54.6","2021-05-02",,,"71",",,W","60",",,W"
"USW00093134","LOS ANGELES DOWNTOWN USC, CA US","34.0236","-118.2911","54.6","2021-05-03",,,"72",",,W","60",",,W"
"USW00093134","LOS ANGELES DOWNTOWN USC, CA US","34.0236","-118.2911","54.6","2021-05-04",,,"79",",,W","60",",,W"
"USW00093134","LOS ANGELES DOWNTOWN USC, CA US","34.0236","-118.2911","54.6","2021-05-05",,,"80",",,W","59",",,W"
"USW00093134","LOS ANGELES DOWNTOWN USC, CA US","34.0236","-118.2911","54.6","2021-05-06",,,"72",",,W","59",",,W"
"USW00093134","LOS ANGELES DOWNTOWN USC, CA US","34.0236","-118.2911","54.6","2021-05-07",,,"69",",,W","59",",,W"
"USW00093134","LOS ANGELES DOWNTOWN USC, CA US","34.0236","-118.2911","54.6","2021-05-08",,,"72",",,W","60",",,W"
"USW00093134","LOS ANGELES DOWNTOWN USC, CA US","34.0236","-118.2911","54.6","2021-05-09",,,"71",",,W","60",",,W"
"USW00093134","LOS ANGELES DOWNTOWN USC, CA US","34.0236","-118.2911","54.6","2021-05-10",,,"69",",,W","61",",,W"
"USW00093134","LOS ANGELES DOWNTOWN USC, CA US","34.0236","-118.2911","54.6","2021-05-11",,,"72",",,W","62",",,W"
"USW00093134","LOS ANGELES DOWNTOWN USC, CA US","34.0236","-118.2911","54.6","2021-05-12",,,"73",",,W","61",",,W"
"USW00093134","LOS ANGELES DOWNTOWN USC, CA US","34.0236","-118.2911","54.6","2021-05-13",,,"67",",,W","61",",,W"
"USW00093134","LOS ANGELES DOWNTOWN USC, CA US","34.0236","-118.2911","54.6","2021-05-14",,,"73",",,W","60",",,W"
"USW00093134","LOS ANGELES DOWNTOWN USC, CA US","34.0236","-118.2911","54.6","2021-05-15",,,"70",",,W","61",",,W"
"USW00093134","LOS ANGELES DOWNTOWN USC, CA US","34.0236","-118.2911","54.6","2021-05-16",,,"66",",,W","58",",,W"
"USW00093134","LOS ANGELES DOWNTOWN USC, CA US","34.0236","-118.2911","54.6","2021-05-17",,,"68",",,W","60",",,W"
"USW00093134","LOS ANGELES DOWNTOWN USC, CA US","34.0236","-118.2911","54.6","2021-05-18",,,"72",",,W","59",",,W"
"USW00093134","LOS ANGELES DOWNTOWN USC, CA US","34.0236","-118.2911","54.6","2021-05-19",,,"75",",,W","60",",,W"
"USW00093134","LOS ANGELES DOWNTOWN USC, CA US","34.0236","-118.2911","54.6","2021-05-20",,,"71",",,W","58",",,W"
"USW00093134","LOS ANGELES DOWNTOWN USC, CA US","34.0236","-118.2911","54.6","2021-05-21",,,"75",",,W","56",",,W"
"USW00093134","LOS ANGELES DOWNTOWN USC, CA US","34.0236","-118.2911","54.6","2021-05-22",,,"70",",,W","54",",,W"
"USW00093134","LOS ANGELES DOWNTOWN USC, CA US","34.0236","-118.2911","54.6","2021-05-23",,,"72",",,W","54",",,W"
"USW00093134","LOS ANGELES DOWNTOWN USC, CA US","34.0236","-118.2911","54.6","2021-05-24",,,"84",",,W","55",",,W"
"USW00093134","LOS ANGELES DOWNTOWN USC, CA US","34.0236","-118.2911","54.6","2021-05-25",,,"85",",,W","62",",,W"
"USW00093134","LOS ANGELES DOWNTOWN USC, CA US","34.0236","-118.2911","54.6","2021-05-26",,,"79",",,W","63",",,W"
"USW00093134","LOS ANGELES DOWNTOWN USC, CA US","34.0236","-118.2911","54.6","2021-05-27",,,"74",",,W","62",",,W"
"USW00093134","LOS ANGELES DOWNTOWN USC, CA US","34.0236","-118.2911","54.6","2021-05-28",,,"73",",,W","59",",,W"
"USW00093134","LOS ANGELES DOWNTOWN USC, CA US","34.0236","-118.2911","54.6","2021-05-29",,,"71",",,W","60",",,W"
"USW00093134","LOS ANGELES DOWNTOWN USC, CA US","34.0236","-118.2911","54.6","2021-05-30",,,"71",",,W","61",",,W"
"USW00093134","LOS ANGELES DOWNTOWN USC, CA US","34.0236","-118.2911","54.6","2021-05-31",,,"74",",,W","62",",,W"
"USW00093134","LOS ANGELES DOWNTOWN USC, CA US","34.0236","-118.2911","54.6","2021-06-01",,,"75",",,W","61",",,W"
"USW00093134","LOS ANGELES DOWNTOWN USC, CA US","34.0236","-118.2911","54.6","2021-06-02",,,"73",",,W","60",",,W"
"USW00093134","LOS ANGELES DOWNTOWN USC, CA US","34.0236","-118.2911","54.6","2021-06-03",,,"78",",,W","61",",,W"
"USW00093134","LOS ANGELES DOWNTOWN USC, CA US","34.0236","-118.2911","54.6","2021-06-04",,,"77",",,W","60",",,W"
"USW00093134","LOS ANGELES DOWNTOWN USC, CA US","34.0236","-118.2911","54.6","2021-06-05",,,"78",",,W","62",",,W"
"USW00093134","LOS ANGELES DOWNTOWN USC, CA US","34.0236","-118.2911","54.6","2021-06-06",,,"75",",,W","62",",,W"
"USW00093134","LOS ANGELES DOWNTOWN USC, CA US","34.0236","-118.2911","54.6","2021-06-07",,,"71",",,W","62",",,W"
"USW00093134","LOS ANGELES DOWNTOWN USC, CA US","34.0236","-118.2911","54.6","2021-06-08",,,"75",",,W","62",",,W"
"USW00093134","LOS ANGELES DOWNTOWN USC, CA US","34.0236","-118.2911","54.6","2021-06-09",,,"75",",,W","61",",,W"
"USW00093134","LOS ANGELES DOWNTOWN USC, CA US","34.0236","-118.2911","54.6","2021-06-10",,,"75",",,W","58",",,W"
"USW00093134","LOS ANGELES DOWNTOWN USC, CA US","34.0236","-118.2911","54.6","2021-06-11",,,"81",",,W","59",",,W"
"USW00093134","LOS ANGELES DOWNTOWN USC, CA US","34.0236","-118.2911","54.6","2021-06-12",,,"83",",,W","61",",,W"
"USW00093134","LOS ANGELES DOWNTOWN USC, CA US","34.0236","-118.2911","54.6","2021-06-13",,,"84",",,W","61",",,W"
"USW00093134","LOS ANGELES DOWNTOWN USC, CA US","34.0236","-118.2911","54.6","2021-06-14",,,"85",",,W","63",",,W"
"USW00093134","LOS ANGELES DOWNTOWN USC, CA US","34.0236","-118.2911","54.6","2021-06-15",,,"90",",,W","65",",,W"
"USW00093134","LOS ANGELES DOWNTOWN USC, CA US","34.0236","-118.2911","54.6","2021-06-16",,,"88",",,W","68",",,W"
"USW00093134","LOS ANGELES DOWNTOWN USC, CA US","34.0236","-118.2911","54.6","2021-06-17",,,"87",",,W","67",",,W"
"USW00093134","LOS ANGELES DOWNTOWN USC, CA US","34.0236","-118.2911","54.6","2021-06-18",,,"82",",,W","66",",,W"
"USW00093134","LOS ANGELES DOWNTOWN USC, CA US","34.0236","-118.2911","54.6","2021-06-19",,,"77",",,W","64",",,W"
"USW00093134","LOS ANGELES DOWNTOWN USC, CA US","34.0236","-118.2911","54.6","2021-06-20",,,"78",",,W","63",",,W"
"USW00093134","LOS ANGELES DOWNTOWN USC, CA US","34.0236","-118.2911","54.6","2021-06-21",,,"82",",,W","64",",,W"
"USW00093134","LOS ANGELES DOWNTOWN USC, CA US","34.0236","-118.2911","54.6","2021-06-22",,,"76",",,W","62",",,W"
"USW00093134","LOS ANGELES DOWNTOWN USC, CA US","34.0236","-118.2911","54.6","2021-06-23",,,"81",",,W","63",",,W"
"USW00093134","LOS ANGELES DOWNTOWN USC, CA US","34.0236","-118.2911","54.6","2021-06-24",,,"74",",,W","62",",,W"
"USW00093134","LOS ANGELES DOWNTOWN USC, CA US","34.0236","-118.2911","54.6","2021-06-25",,,"79",",,W","61",",,W"
"USW00093134","LOS ANGELES DOWNTOWN USC, CA US","34.0236","-118.2911","54.6","2021-06-26",,,"81",",,W","63",",,W"
"USW00093134","LOS ANGELES DOWNTOWN USC, CA US","34.0236","-118.2911","54.6","2021-06-27",,,"80",",,W","65",",,W"
"USW00093134","LOS ANGELES DOWNTOWN USC, CA US","34.0236","-118.2911","54.6","2021-06-28",,,"81",",,W","66",",,W"
"USW00093134","LOS ANGELES DOWNTOWN USC, CA US","34.0236","-118.2911","54.6","2021-06-29",,,"81",",,W","67",",,W"
"USW00093134","LOS ANGELES DOWNTOWN USC, CA US","34.0236","-118.2911","54.6","2021-06-30",,,"81",",,W","66",",,W"
"USW00093134","LOS ANGELES DOWNTOWN USC, CA US","34.0236","-118.2911","54.6","2021-07-01",,,"83",",,W","66",",,W"
"USW00093134","LOS ANGELES DOWNTOWN USC, CA US","34.0236","-118.2911","54.6","2021-07-02",,,"83",",,W","64",",,W"
"USW00093134","LOS ANGELES DOWNTOWN USC, CA US","34.0236","-118.2911","54.6","2021-07-03",,,"81",",,W","64",",,W"
"USW00093134","LOS ANGELES DOWNTOWN USC, CA US","34.0236","-118.2911","54.6","2021-07-04",,,"81",",,W","63",",,W"
"USW00093134","LOS ANGELES DOWNTOWN USC, CA US","34.0236","-118.2911","54.6","2021-07-05",,,"81",",,W","62",",,W"
"USW00093134","LOS ANGELES DOWNTOWN USC, CA US","34.0236","-118.2911","54.6","2021-07-06",,,"81",",,W","63",",,W"
"USW00093134","LOS ANGELES DOWNTOWN USC, CA US","34.0236","-118.2911","54.6","2021-07-07",,,"80",",,W","65",",,W"
"USW00093134","LOS ANGELES DOWNTOWN USC, CA US","34.0236","-118.2911","54.6","2021-07-08",,,"84",",,W","68",",,W"
"USW00093134","LOS ANGELES DOWNTOWN USC, CA US","34.0236","-118.2911","54.6","2021-07-09",,,"86",",,W","68",",,W"
"USW00093134","LOS ANGELES DOWNTOWN USC, CA US","34.0236","-118.2911","54.6","2021-07-10",,,"85",",,W","69",",,W"
"USW00093134","LOS ANGELES DOWNTOWN USC, CA US","34.0236","-118.2911","54.6","2021-07-11",,,"86",",,W","68",",,W"
"USW00093134","LOS ANGELES DOWNTOWN USC, CA US","34.0236","-118.2911","54.6","2021-07-12",,,"83",",,W","69",",,W"
"USW00093134","LOS ANGELES DOWNTOWN USC, CA US","34.0236","-118.2911","54.6","2021-07-13",,,"82",",,W","69",",,W"
"USW00093134","LOS ANGELES DOWNTOWN USC, CA US","34.0236","-118.2911","54.6","2021-07-14",,,"85",",,W","67",",,W"
"USW00093134","LOS ANGELES DOWNTOWN USC, CA US","34.0236","-118.2911","54.6","2021-07-15",,,"84",",,W","67",",,W"
"USW00093134","LOS ANGELES DOWNTOWN USC, CA US","34.0236","-118.2911","54.6","2021-07-16",,,"82",",,W","67",",,W"
"USW00093134","LOS ANGELES DOWNTOWN USC, CA US","34.0236","-118.2911","54.6","2021-07-17",,,"85",",,W","66",",,W"
"USW00093134","LOS ANGELES DOWNTOWN USC, CA US","34.0236","-118.2911","54.6","2021-07-18",,,"88",",,W","67",",,W"
"USW00093134","LOS ANGELES DOWNTOWN USC, CA US","34.0236","-118.2911","54.6","2021-07-19",,,"87",",,W","69",",,W"
"USW00093134","LOS ANGELES DOWNTOWN USC, CA US","34.0236","-118.2911","54.6","2021-07-20",,,"87",",,W","68",",,W"
"USW00093134","LOS ANGELES DOWNTOWN USC, CA US","34.0236","-118.2911","54.6","2021-07-21",,,"90",",,W","68",",,W"
"USW00093134","LOS ANGELES DOWNTOWN USC, CA US","34.0236","-118.2911","54.6","2021-07-22",,,"87",",,W","70",",,W"
"USW00093134","LOS ANGELES DOWNTOWN USC, CA US","34.0236","-118.2911","54.6","2021-07-23",,,"86",",,W","67",",,W"
"USW00093134","LOS ANGELES DOWNTOWN USC, CA US","34.0236","-118.2911","54.6","2021-07-24",,,"80",",,W","68",",,W"
"USW00093134","LOS ANGELES DOWNTOWN USC, CA US","34.0236","-118.2911","54.6","2021-07-25",,,"83",",,W","67",",,W"
"USW00093134","LOS ANGELES DOWNTOWN USC, CA US","34.0236","-118.2911","54.6","2021-07-26",,,"77",",,W","67",",,W"
"USW00093134","LOS ANGELES DOWNTOWN USC, CA US","34.0236","-118.2911","54.6","2021-07-27",,,"78",",,W","66",",,W"
"USW00093134","LOS ANGELES DOWNTOWN USC, CA US","34.0236","-118.2911","54.6","2021-07-28",,,"83",",,W","65",",,W"
"USW00093134","LOS ANGELES DOWNTOWN USC, CA US","34.0236","-118.2911","54.6","2021-07-29",,,"82",",,W","65",",,W"
"USW00093134","LOS ANGELES DOWNTOWN USC, CA US","34.0236","-118.2911","54.6","2021-07-30",,,"82",",,W","64",",,W"
"USW00093134","LOS ANGELES DOWNTOWN USC, CA US","34.0236","-118.2911","54.6","2021-07-31",,,"80",",,W","64",",,W"
"USW00093134","LOS ANGELES DOWNTOWN USC, CA US","34.0236","-118.2911","54.6","2021-08-01",,,"86",",,W","64",",,W"
"USW00093134","LOS ANGELES DOWNTOWN USC, CA US","34.0236","-118.2911","54.6","2021-08-02",,,"92",",,W","64",",,W"
"USW00093134","LOS ANGELES DOWNTOWN USC, CA US","34.0236","-118.2911","54.6","2021-08-03",,,"89",",,W","65",",,W"
"USW00093134","LOS ANGELES DOWNTOWN USC, CA US","34.0236","-118.2911","54.6","2021-08-04",,,"84",",,W","66",",,W"
"USW00093134","LOS ANGELES DOWNTOWN USC, CA US","34.0236","-118.2911","54.6","2021-08-05",,,"85",",,W","67",",,W"
"USW00093134","LOS ANGELES DOWNTOWN USC, CA US","34.0236","-118.2911","54.6","2021-08-06",,,"83",",,W","67",",,W"
"USW00093134","LOS ANGELES DOWNTOWN USC, CA US","34.0236","-118.2911","54.6","2021-08-07",,,"83",",,W","67",",,W"
"USW00093134","LOS ANGELES DOWNTOWN USC, CA US","34.0236","-118.2911","54.6","2021-08-08",,,"81",",,W","66",",,W"
"USW00093134","LOS ANGELES DOWNTOWN USC, CA US","34.0236","-118.2911","54.6","2021-08-09",,,"86",",,W","66",",,W"
"USW00093134","LOS ANGELES DOWNTOWN USC, CA US","34.0236","-118.2911","54.6","2021-08-10",,,"84",",,W","64",",,W"
"USW00093134","LOS ANGELES DOWNTOWN USC, CA US","34.0236","-118.2911","54.6","2021-08-11",,,"89",",,W","66",",,W"
"USW00093134","LOS ANGELES DOWNTOWN USC, CA US","34.0236","-118.2911","54.6","2021-08-12",,,"92",",,W","69",",,W"
"USW00093134","LOS ANGELES DOWNTOWN USC, CA US","34.0236","-118.2911","54.6","2021-08-13",,,"90",",,W","69",",,W"
"USW00093134","LOS ANGELES DOWNTOWN USC, CA US","34.0236","-118.2911","54.6","2021-08-14",,,"87",",,W","68",",,W"
"USW00093134","LOS ANGELES DOWNTOWN USC, CA US","34.0236","-118.2911","54.6","2021-08-15",,,"88",",,W","67",",,W"
"USW00093134","LOS ANGELES DOWNTOWN USC, CA US","34.0236","-118.2911","54.6","2021-08-16",,,"89",",,W","69",",,W"
"USW00093134","LOS ANGELES DOWNTOWN USC, CA US","34.0236","-118.2911","54.6","2021-08-17",,,"86",",,W","70",",,W"
"USW00093134","LOS ANGELES DOWNTOWN USC, CA US","34.0236","-118.2911","54.6","2021-08-18",,,"78",",,W","69",",,W"
"USW00093134","LOS ANGELES DOWNTOWN USC, CA US","34.0236","-118.2911","54.6","2021-08-19",,,"79",",,W","66",",,W"
"USW00093134","LOS ANGELES DOWNTOWN USC, CA US","34.0236","-118.2911","54.6","2021-08-20",,,"77",",,W","66",",,W"
"USW00093134","LOS ANGELES DOWNTOWN USC, CA US","34.0236","-118.2911","54.6","2021-08-21",,,"76",",,W","64",",,W"
"USW00093134","LOS ANGELES DOWNTOWN USC, CA US","34.0236","-118.2911","54.6","2021-08-22",,,"75",",,W","64",",,W"
"USW00093134","LOS ANGELES DOWNTOWN USC, CA US","34.0236","-118.2911","54.6","2021-08-23",,,"77",",,W","63",",,W"
"USW00093134","LOS ANGELES DOWNTOWN USC, CA US","34.0236","-118.2911","54.6","2021-08-24",,,"78",",,W","61",",,W"
"USW00093134","LOS ANGELES DOWNTOWN USC, CA US","34.0236","-118.2911","54.6","2021-08-25",,,"83",",,W","63",",,W"
"USW00093134","LOS ANGELES DOWNTOWN USC, CA US","34.0236","-118.2911","54.6","2021-08-26",,,"91",",,W","64",",,W"
"USW00093134","LOS ANGELES DOWNTOWN USC, CA US","34.0236","-118.2911","54.6","2021-08-27",,,"85",",,W","62",",,W"
"USW00093134","LOS ANGELES DOWNTOWN USC, CA US","34.0236","-118.2911","54.6","2021-08-28",,,"81",",,W","60",",,W"
"USW00093134","LOS ANGELES DOWNTOWN USC, CA US","34.0236","-118.2911","54.6","2021-08-29",,,"78",",,W","61",",,W"
"USW00093134","LOS ANGELES DOWNTOWN USC, CA US","34.0236","-118.2911","54.6","2021-08-30",,,"81",",,W","63",",,W"
"USW00093134","LOS ANGELES DOWNTOWN USC, CA US","34.0236","-118.2911","54.6","2021-08-31",,,"75",",,W","64",",,W"
"USW00093134","LOS ANGELES DOWNTOWN USC, CA US","34.0236","-118.2911","54.6","2021-09-01",,,"77",",,W","65",",,W"
"USW00093134","LOS ANGELES DOWNTOWN USC, CA US","34.0236","-118.2911","54.6","2021-09-02",,,"76",",,W","63",",,W"
"USW00093134","LOS ANGELES DOWNTOWN USC, CA US","34.0236","-118.2911","54.6","2021-09-03",,,"77",",,W","63",",,W"
"USW00093134","LOS ANGELES DOWNTOWN USC, CA US","34.0236","-118.2911","54.6","2021-09-04",,,"88",",,W","61",",,W"
"USW00093134","LOS ANGELES DOWNTOWN USC, CA US","34.0236","-118.2911","54.6","2021-09-05",,,"94",",,W","62",",,W"
"USW00093134","LOS ANGELES DOWNTOWN USC, CA US","34.0236","-118.2911","54.6","2021-09-06",,,"86",",,W","68",",,W"
"USW00093134","LOS ANGELES DOWNTOWN USC, CA US","34.0236","-118.2911","54.6","2021-09-07",,,"84",",,W","67",",,W"
"USW00093134","LOS ANGELES DOWNTOWN USC, CA US","34.0236","-118.2911","54.6","2021-09-08",,,"84",",,W","64",",,W"
"USW00093134","LOS ANGELES DOWNTOWN USC, CA US","34.0236","-118.2911","54.6","2021-09-09",,,"89",",,W","64",",,W"
"USW00093134","LOS ANGELES DOWNTOWN USC, CA US","34.0236","-118.2911","54.6","2021-09-10",,,"83",",,W","65",",,W"
"USW00093134","LOS ANGELES DOWNTOWN USC, CA US","34.0236","-118.2911","54.6","2021-09-11",,,"88",",,W","67",",,W"
"USW00093134","LOS ANGELES DOWNTOWN USC, CA US","34.0236","-118.2911","54.6","2021-09-12",,,"85",",,W","61",",,W"
"USW00093134","LOS ANGELES DOWNTOWN USC, CA US","34.0236","-118.2911","54.6","2021-09-13",,,"80",",,W","59",",,W"
"USW00093134","LOS ANGELES DOWNTOWN USC, CA US","34.0236","-118.2911","54.6","2021-09-14",,,"80",",,W","57",",,W"
"USW00093134","LOS ANGELES DOWNTOWN USC, CA US","34.0236","-118.2911","54.6","2021-09-15",,,"76",",,W","61",",,W"
"USW00093134","LOS ANGELES DOWNTOWN USC, CA US","34.0236","-118.2911","54.6","2021-09-16",,,"74",",,W","60",",,W"
"USW00093134","LOS ANGELES DOWNTOWN USC, CA US","34.0236","-118.2911","54.6","2021-09-17",,,"75",",,W","60",",,W"
"USW00093134","LOS ANGELES DOWNTOWN USC, CA US","34.0236","-118.2911","54.6","2021-09-18",,,"73",",,W","59",",,W"
"USW00093134","LOS ANGELES DOWNTOWN USC, CA US","34.0236","-118.2911","54.6","2021-09-19",,,"76",",,W","59",",,W"
"USW00093134","LOS ANGELES DOWNTOWN USC, CA US","34.0236","-118.2911","54.6","2021-09-20",,,"84",",,W","62",",,W"
"USW00093134","LOS ANGELES DOWNTOWN USC, CA US","34.0236","-118.2911","54.6","2021-09-21",,,"94",",,W","64",",,W"
"USW00093134","LOS ANGELES DOWNTOWN USC, CA US","34.0236","-118.2911","54.6","2021-09-22",,,"88",",,W","67",",,W"
"USW00093134","LOS ANGELES DOWNTOWN USC, CA US","34.0236","-118.2911","54.6","2021-09-23",,,"81",",,W","61",",,W"
"USW00093134","LOS ANGELES DOWNTOWN USC, CA US","34.0236","-118.2911","54.6","2021-09-24",,,"76",",,W","60",",,W"
"USW00093134","LOS ANGELES DOWNTOWN USC, CA US","34.0236","-118.2911","54.6","2021-09-25",,,"74",",,W","61",",,W"
"USW00093134","LOS ANGELES DOWNTOWN USC, CA US","34.0236","-118.2911","54.6","2021-09-26",,,"69",",,W","63",",,W"
"USW00093134","LOS ANGELES DOWNTOWN USC, CA US","34.0236","-118.2911","54.6","2021-09-27",,,"68",",,W","63",",,W"
"USW00093134","LOS ANGELES DOWNTOWN USC, CA US","34.0236","-118.2911","54.6","2021-09-28",,,"72",",,W","62",",,W"
"USW00093134","LOS ANGELES DOWNTOWN USC, CA US","34.0236","-118.2911","54.6","2021-09-29",,,"73",",,W","59",",,W"
"USW00093134","LOS ANGELES DOWNTOWN USC, CA US","34.0236","-118.2911","54.6","2021-09-30",,,"86",",,W","58",",,W"
"USW00093134","LOS ANGELES DOWNTOWN USC, CA US","34.0236","-118.2911","54.6","2021-10-01",,,"90",",,W","59",",,W"
"USW00093134","LOS ANGELES DOWNTOWN USC, CA US","34.0236","-118.2911","54.6","2021-10-02",,,"91",",,W","58",",,W"
"USW00093134","LOS ANGELES DOWNTOWN USC, CA US","34.0236","-118.2911","54.6","2021-10-03",,,"93",",,W","61",",,W"
"USW00093134","LOS ANGELES DOWNTOWN USC, CA US","34.0236","-118.2911","54.6","2021-10-04",,,"86",",,W","66",",,W"
"USW00093134","LOS ANGELES DOWNTOWN USC, CA US","34.0236","-118.2911","54.6","2021-10-05",,,"81",",,W","64",",,W"
"USW00093134","LOS ANGELES DOWNTOWN USC, CA US","34.0236","-118.2911","54.6","2021-10-06",,,"74",",,W","62",",,W"
"USW00093134","LOS ANGELES DOWNTOWN USC, CA US","34.0236","-118.2911","54.6","2021-10-07",,,"71",",,W","64",",,W"
"USW00093134","LOS ANGELES DOWNTOWN USC, CA US","34.0236","-118.2911","54.6","2021-10-08",,,"69",",,W","60",",,W"
"USW00093134","LOS ANGELES DOWNTOWN USC, CA US","34.0236","-118.2911","54.6","2021-10-09",,,"71",",,W","55",",,W"
"USW00093134","LOS ANGELES DOWNTOWN USC, CA US","34.0236","-118.2911","54.6","2021-10-10",,,"79",",,W","55",",,W"
"USW00093134","LOS ANGELES DOWNTOWN USC, CA US","34.0236","-118.2911","54.6","2021-10-11",,,"73",",,W","57",",,W"
"USW00093134","LOS ANGELES DOWNTOWN USC, CA US","34.0236","-118.2911","54.6","2021-10-12",,,"70",",,W","56",",,W"
"USW00093134","LOS ANGELES DOWNTOWN USC, CA US","34.0236","-118.2911","54.6","2021-10-13",,,"73",",,W","51",",,W"
"USW00093134","LOS ANGELES DOWNTOWN USC, CA US","34.0236","-118.2911","54.6","2021-10-14",,,"76",",,W","52",",,W"
"USW00093134","LOS ANGELES DOWNTOWN USC, CA US","34.0236","-118.2911","54.6","2021-10-15",,,"88",",,W","55",",,W"
"USW00093134","LOS ANGELES DOWNTOWN USC, CA US","34.0236","-118.2911","54.6","2021-10-16",,,"87",",,W","58",",,W"
"USW00093134","LOS ANGELES DOWNTOWN USC, CA US","34.0236","-118.2911","54.6","2021-10-17",,,"75",",,W","54",",,W"
"USW00093134","LOS ANGELES DOWNTOWN USC, CA US","34.0236","-118.2911","54.6","2021-10-18",,,"67",",,W","58",",,W"
"USW00093134","LOS ANGELES DOWNTOWN USC, CA US","34.0236","-118.2911","54.6","2021-10-19",,,"69",",,W","53",",,W"
"USW00093134","LOS ANGELES DOWNTOWN USC, CA US","34.0236","-118.2911","54.6","2021-10-20",,,"71",",,W","53",",,W"
"USW00093134","LOS ANGELES DOWNTOWN USC, CA US","34.0236","-118.2911","54.6","2021-10-21",,,"76",",,W","52",",,W"
"USW00093134","LOS ANGELES DOWNTOWN USC, CA US","34.0236","-118.2911","54.6","2021-10-22",,,"68",",,W","57",",,W"
"USW00093134","LOS ANGELES DOWNTOWN USC, CA US","34.0236","-118.2911","54.6","2021-10-23",,,"69",",,W","60",",,W"
"USW00093134","LOS ANGELES DOWNTOWN USC, CA US","34.0236","-118.2911","54.6","2021-10-24",,,"71",",,W","59",",,W"
"USW00093134","LOS ANGELES DOWNTOWN USC, CA US","34.0236","-118.2911","54.6","2021-10-25",,,"61",",,W","54",",,W"
"USW00093134","LOS ANGELES DOWNTOWN USC, CA US","34.0236","-118.2911","54.6","2021-10-26",,,"70",",,W","50",",,W"
"USW00093134","LOS ANGELES DOWNTOWN USC, CA US","34.0236","-118.2911","54.6","2021-10-27",,,"82",",,W","52",",,W"
"USW00093134","LOS ANGELES DOWNTOWN USC, CA US","34.0236","-118.2911","54.6","2021-10-28",,,"88",",,W","58",",,W"
"USW00093134","LOS ANGELES DOWNTOWN USC, CA US","34.0236","-118.2911","54.6","2021-10-29",,,"85",",,W","59",",,W"
"USW00093134","LOS ANGELES DOWNTOWN USC, CA US","34.0236","-118.2911","54.6","2021-10-30",,,"71",",,W","58",",,W"
"USW00093134","LOS ANGELES DOWNTOWN USC, CA US","34.0236","-118.2911","54.6","2021-10-31",,,"68",",,W","57",",,W"
"USW00093134","LOS ANGELES DOWNTOWN USC, CA US","34.0236","-118.2911","54.6","2021-11-01",,,"66",",,W","55",",,W"
"USW00093134","LOS ANGELES DOWNTOWN USC, CA US","34.0236","-118.2911","54.6","2021-11-02",,,"68",",,W","54",",,W"
"USW00093134","LOS ANGELES DOWNTOWN USC, CA US","34.0236","-118.2911","54.6","2021-11-03",,,"71",",,W","56",",,W"
"USW00093134","LOS ANGELES DOWNTOWN USC, CA US","34.0236","-118.2911","54.6","2021-11-04",,,"71",",,W","57",",,W"
"USW00093134","LOS ANGELES DOWNTOWN USC, CA US","34.0236","-118.2911","54.6","2021-11-05",,,"72",",,W","56",",,W"
"USW00093134","LOS ANGELES DOWNTOWN USC, CA US","34.0236","-118.2911","54.6","2021-11-06",,,"69",",,W","56",",,W"
"USW00093134","LOS ANGELES DOWNTOWN USC, CA US","34.0236","-118.2911","54.6","2021-11-07",,,"66",",,W","54",",,W"
"USW00093134","LOS ANGELES DOWNTOWN USC, CA US","34.0236","-118.2911","54.6","2021-11-08",,,"69",",,W","55",",,W"
"USW00093134","LOS ANGELES DOWNTOWN USC, CA US","34.0236","-118.2911","54.6","2021-11-09",,,"66",",,W","55",",,W"
"USW00093134","LOS ANGELES DOWNTOWN USC, CA US","34.0236","-118.2911","54.6","2021-11-10",,,"74",",,W","59",",,W"
"USW00093134","LOS ANGELES DOWNTOWN USC, CA US","34.0236","-118.2911","54.6","2021-11-11",,,"85",",,W","56",",,W"
"USW00093134","LOS ANGELES DOWNTOWN USC, CA US","34.0236","-118.2911","54.6","2021-11-12",,,"90",",,W","58",",,W"
"USW00093134","LOS ANGELES DOWNTOWN USC, CA US","34.0236","-118.2911","54.6","2021-11-13",,,"90",",,W","62",",,W"
"USW00093134","LOS ANGELES DOWNTOWN USC, CA US","34.0236","-118.2911","54.6","2021-11-14",,,"89",",,W","56",",,W"
"USW00093134","LOS ANGELES DOWNTOWN USC, CA US","34.0236","-118.2911","54.6","2021-11-15",,,"81",",,W","56",",,W"
"USW00093134","LOS ANGELES DOWNTOWN USC, CA US","34.0236","-118.2911","54.6","2021-11-16",,,"67",",,W","56",",,W"
"USW00093134","LOS ANGELES DOWNTOWN USC, CA US","34.0236","-118.2911","54.6","2021-11-17",,,"68",",,W","55",",,W"
"USW00093134","LOS ANGELES DOWNTOWN USC, CA US","34.0236","-118.2911","54.6","2021-11-18",,,"66",",,W","52",",,W"
"USW00093134","LOS ANGELES DOWNTOWN USC, CA US","34.0236","-118.2911","54.6","2021-11-19",,,"67",",,W","56",",,W"
"USW00093134","LOS ANGELES DOWNTOWN USC, CA US","34.0236","-118.2911","54.6","2021-11-20",,,"65",",,W","54",",,W"
"USW00093134","LOS ANGELES DOWNTOWN USC, CA US","34.0236","-118.2911","54.6","2021-11-21",,,"84",",,W","50",",,W"
"USW00093134","LOS ANGELES DOWNTOWN USC, CA US","34.0236","-118.2911","54.6","2021-11-22",,,"83",",,W","53",",,W"
"USW00093134","LOS ANGELES DOWNTOWN USC, CA US","34.0236","-118.2911","54.6","2021-11-23",,,"74",",,W","56",",,W"
"USW00093134","LOS ANGELES DOWNTOWN USC, CA US","34.0236","-118.2911","54.6","2021-11-24",,,"72",",,W","52",",,W"
"USW00093134","LOS ANGELES DOWNTOWN USC, CA US","34.0236","-118.2911","54.6","2021-11-25",,,"76",",,W","47",",,W"
"USW00093134","LOS ANGELES DOWNTOWN USC, CA US","34.0236","-118.2911","54.6","2021-11-26",,,"76",",,W","47",",,W"
"USW00093134","LOS ANGELES DOWNTOWN USC, CA US","34.0236","-118.2911","54.6","2021-11-27",,,"77",",,W","49",",,W"
"USW00093134","LOS ANGELES DOWNTOWN USC, CA US","34.0236","-118.2911","54.6","2021-11-28",,,"76",",,W","49",",,W"
"USW00093134","LOS ANGELES DOWNTOWN USC, CA US","34.0236","-118.2911","54.6","2021-11-29",,,"76",",,W","50",",,W"
"USW00093134","LOS ANGELES DOWNTOWN USC, CA US","34.0236","-118.2911","54.6","2021-11-30",,,"68",",,W","49",",,W"
"USW00093134","LOS ANGELES DOWNTOWN USC, CA US","34.0236","-118.2911","54.6","2021-12-01",,,"73",",,W","49",",,W"
"USW00093134","LOS ANGELES DOWNTOWN USC, CA US","34.0236","-118.2911","54.6","2021-12-02",,,"63",",,W","51",",,W"
"USW00093134","LOS ANGELES DOWNTOWN USC, CA US","34.0236","-118.2911","54.6","2021-12-03",,,"63",",,W","53",",,W"
"USW00093134","LOS ANGELES DOWNTOWN USC, CA US","34.0236","-118.2911","54.6","2021-12-04",,,"64",",,W","54",",,W"
"USW00093134","LOS ANGELES DOWNTOWN USC, CA US","34.0236","-118.2911","54.6","2021-12-05",,,"65",",,W","51",",,W"
"USW00093134","LOS ANGELES DOWNTOWN USC, CA US","34.0236","-118.2911","54.6","2021-12-06",,,"67",",,W","47",",,W"
"USW00093134","LOS ANGELES DOWNTOWN USC, CA US","34.0236","-118.2911","54.6","2021-12-07",,,"64",",,W","54",",,W"
"USW00093134","LOS ANGELES DOWNTOWN USC, CA US","34.0236","-118.2911","54.6","2021-12-08",,,"66",",,W","50",",,W"
"USW00093134","LOS ANGELES DOWNTOWN USC, CA US","34.0236","-118.2911","54.6","2021-12-09",,,"59",",,W","52",",,W"
"USW00093134","LOS ANGELES DOWNTOWN USC, CA US","34.0236","-118.2911","54.6","2021-12-10",,,"62",",,W","46",",,W"
"USW00093134","LOS ANGELES DOWNTOWN USC, CA US","34.0236","-118.2911","54.6","2021-12-11",,,"67",",,W","47",",,W"
"USW00093134","LOS ANGELES DOWNTOWN USC, CA US","34.0236","-118.2911","54.6","2021-12-12",,,"64",",,W","43",",,W"
"USW00093134","LOS ANGELES DOWNTOWN USC, CA US","34.0236","-118.2911","54.6","2021-12-13",,,"59",",,W","47",",,W"
"USW00093134","LOS ANGELES DOWNTOWN USC, CA US","34.0236","-118.2911","54.6","2021-12-14",,,"58",",,W","43",",,W"
"USW00093134","LOS ANGELES DOWNTOWN USC, CA US","34.0236","-118.2911","54.6","2021-12-15",,,"57",",,W","39",",,W"
"USW00093134","LOS ANGELES DOWNTOWN USC, CA US","34.0236","-118.2911","54.6","2021-12-16",,,"58",",,W","40",",,W"
"USW00093134","LOS ANGELES DOWNTOWN USC, CA US","34.0236","-118.2911","54.6","2021-12-17",,,"66",",,W","45",",,W"
"USW00093134","LOS ANGELES DOWNTOWN USC, CA US","34.0236","-118.2911","54.6","2021-12-18",,,"69",",,W","42",",,W"
"USW00093134","LOS ANGELES DOWNTOWN USC, CA US","34.0236","-118.2911","54.6","2021-12-19",,,"65",",,W","42",",,W"
"USW00093134","LOS ANGELES DOWNTOWN USC, CA US","34.0236","-118.2911","54.6","2021-12-20",,,"66",",,W","41",",,W"
"USW00093134","LOS ANGELES DOWNTOWN USC, CA US","34.0236","-118.2911","54.6","2021-12-21",,,"69",",,W","50",",,W"
"USW00093134","LOS ANGELES DOWNTOWN USC, CA US","34.0236","-118.2911","54.6","2021-12-22",,,"64",",,W","47",",,W"
"USW00093134","LOS ANGELES DOWNTOWN USC, CA US","34.0236","-118.2911","54.6","2021-12-23",,,"58",",,W","52",",,W"
"USW00093134","LOS ANGELES DOWNTOWN USC, CA US","34.0236","-118.2911","54.6","2021-12-24",,,"61",",,W","52",",,W"
"USW00093134","LOS ANGELES DOWNTOWN USC, CA US","34.0236","-118.2911","54.6","2021-12-25",,,"56",",,W","50",",,W"
"USW00093134","LOS ANGELES DOWNTOWN USC, CA US","34.0236","-118.2911","54.6","2021-12-26",,,"59",",,W","44",",,W"
"USW00093134","LOS ANGELES DOWNTOWN USC, CA US","34.0236","-118.2911","54.6","2021-12-27",,,"55",",,W","42",",,W"
"USW00093134","LOS ANGELES DOWNTOWN USC, CA US","34.0236","-118.2911","54.6","2021-12-28",,,"55",",,W","42",",,W"
"USW00093134","LOS ANGELES DOWNTOWN USC, CA US","34.0236","-118.2911","54.6","2021-12-29",,,"53",",,W","46",",,W"
"USW00093134","LOS ANGELES DOWNTOWN USC, CA US","34.0236","-118.2911","54.6","2021-12-30",,,"55",",,W","51",",,W"
"USW00093134","LOS ANGELES DOWNTOWN USC, CA US","34.0236","-118.2911","54.6","2021-12-31",,,"59",",,W","45",",,W"
"USW00093134","LOS ANGELES DOWNTOWN USC, CA US","34.0236","-118.2911","54.6","2022-01-01",,,"62",",,W","45",",,W"
"USW00093134","LOS ANGELES DOWNTOWN USC, CA US","34.0236","-118.2911","54.6","2022-01-02",,,"64",",,W","43",",,W"
"USW00093134","LOS ANGELES DOWNTOWN USC, CA US","34.0236","-118.2911","54.6","2022-01-03",,,"62",",,W","42",",,W"
"USW00093134","LOS ANGELES DOWNTOWN USC, CA US","34.0236","-118.2911","54.6","2022-01-04",,,"63",",,W","42",",,W"
"USW00093134","LOS ANGELES DOWNTOWN USC, CA US","34.0236","-118.2911","54.6","2022-01-05",,,"69",",,W","43",",,W"
"USW00093134","LOS ANGELES DOWNTOWN USC, CA US","34.0236","-118.2911","54.6","2022-01-06",,,"71",",,W","46",",,W"
"USW00093134","LOS ANGELES DOWNTOWN USC, CA US","34.0236","-118.2911","54.6","2022-01-07",,,"56",",,W","48",",,W"
"USW00093134","LOS ANGELES DOWNTOWN USC, CA US","34.0236","-118.2911","54.6","2022-01-08",,,"63",",,W","48",",,W"
"USW00093134","LOS ANGELES DOWNTOWN USC, CA US","34.0236","-118.2911","54.6","2022-01-09",,,"75",",,W","45",",,W"
"USW00093134","LOS ANGELES DOWNTOWN USC, CA US","34.0236","-118.2911","54.6","2022-01-10",,,"73",",,W","51",",,W"
"USW00093134","LOS ANGELES DOWNTOWN USC, CA US","34.0236","-118.2911","54.6","2022-01-11",,,"78",",,W","50",",,W"
"USW00093134","LOS ANGELES DOWNTOWN USC, CA US","34.0236","-118.2911","54.6","2022-01-12",,,"76",",,W","47",",,W"
"USW00093134","LOS ANGELES DOWNTOWN USC, CA US","34.0236","-118.2911","54.6","2022-01-13",,,"69",",,W","56",",,W"
"USW00093134","LOS ANGELES DOWNTOWN USC, CA US","34.0236","-118.2911","54.6","2022-01-14",,,"74",",,W","51",",,W"
"USW00093134","LOS ANGELES DOWNTOWN USC, CA US","34.0236","-118.2911","54.6","2022-01-15",,,"68",",,W","53",",,W"
"USW00093134","LOS ANGELES DOWNTOWN USC, CA US","34.0236","-118.2911","54.6","2022-01-16",,,"75",",,W","60",",,W"
"USW00093134","LOS ANGELES DOWNTOWN USC, CA US","34.0236","-118.2911","54.6","2022-01-17",,,"64",",,W","57",",,W"
"USW00093134","LOS ANGELES DOWNTOWN USC, CA US","34.0236","-118.2911","54.6","2022-01-18",,,"65",",,W","54",",,W"
"USW00093134","LOS ANGELES DOWNTOWN USC, CA US","34.0236","-118.2911","54.6","2022-01-19",,,"64",",,W","52",",,W"
"USW00093134","LOS ANGELES DOWNTOWN USC, CA US","34.0236","-118.2911","54.6","2022-01-20",,,"74",",,W","47",",,W"
"USW00093134","LOS ANGELES DOWNTOWN USC, CA US","34.0236","-118.2911","54.6","2022-01-21",,,"70",",,W","47",",,W"
"USW00093134","LOS ANGELES DOWNTOWN USC, CA US","34.0236","-118.2911","54.6","2022-01-22",,,"72",",,W","50",",,W"
"USW00093134","LOS ANGELES DOWNTOWN USC, CA US","34.0236","-118.2911","54.6","2022-01-23",,,"73",",,W","49",",,W"
"USW00093134","LOS ANGELES DOWNTOWN USC, CA US","34.0236","-118.2911","54.6","2022-01-24",,,"71",",,W","47",",,W"
"USW00093134","LOS ANGELES DOWNTOWN USC, CA US","34.0236","-118.2911","54.6","2022-01-25",,,"67",",,W","47",",,W"
"USW00093134","LOS ANGELES DOWNTOWN USC, CA US","34.0236","-118.2911","54.6","2022-01-26",,,"71",",,W","45",",,W"
"USW00093134","LOS ANGELES DOWNTOWN USC, CA US","34.0236","-118.2911","54.6","2022-01-27",,,"70",",,W","46",",,W"
"USW00093134","LOS ANGELES DOWNTOWN USC, CA US","34.0236","-118.2911","54.6","2022-01-28",,,"73",",,W","46",",,W"
"USW00093134","LOS ANGELES DOWNTOWN USC, CA US","34.0236","-118.2911","54.6","2022-01-29",,,"68",",,W","51",",,W"
"USW00093134","LOS ANGELES DOWNTOWN USC, CA US","34.0236","-118.2911","54.6","2022-01-30",,,"70",",,W","43",",,W"
"USW00093134","LOS ANGELES DOWNTOWN USC, CA US","34.0236","-118.2911","54.6","2022-01-31",,,"63",",,W","46",",,W"
"USW00093134","LOS ANGELES DOWNTOWN USC, CA US","34.0236","-118.2911","54.6","2022-02-01",,,"63",",,W","50",",,W"
"USW00093134","LOS ANGELES DOWNTOWN USC, CA US","34.0236","-118.2911","54.6","2022-02-02",,,"65",",,W","45",",,W"
"USW00093134","LOS ANGELES DOWNTOWN USC, CA US","34.0236","-118.2911","54.6","2022-02-03",,,"65",",,W","42",",,W"
"USW00093134","LOS ANGELES DOWNTOWN USC, CA US","34.0236","-118.2911","54.6","2022-02-04",,,"70",",,W","44",",,W"
"USW00093134","LOS ANGELES DOWNTOWN USC, CA US","34.0236","-118.2911","54.6","2022-02-05",,,"70",",,W","42",",,W"
"USW00093134","LOS ANGELES DOWNTOWN USC, CA US","34.0236","-118.2911","54.6","2022-02-06",,,"75",",,W","43",",,W"
"USW00093134","LOS ANGELES DOWNTOWN USC, CA US","34.0236","-118.2911","54.6","2022-02-07",,,"76",",,W","47",",,W"
"USW00093134","LOS ANGELES DOWNTOWN USC, CA US","34.0236","-118.2911","54.6","2022-02-08",,,"79",",,W","51",",,W"
"USW00093134","LOS ANGELES DOWNTOWN USC, CA US","34.0236","-118.2911","54.6","2022-02-09",,,"83",",,W","50",",,W"
"USW00093134","LOS ANGELES DOWNTOWN USC, CA US","34.0236","-118.2911","54.6","2022-02-10",,,"83",",,W","55",",,W"
"USW00093134","LOS ANGELES DOWNTOWN USC, CA US","34.0236","-118.2911","54.6","2022-02-11",,,"82",",,W","53",",,W"
"USW00093134","LOS ANGELES DOWNTOWN USC, CA US","34.0236","-118.2911","54.6","2022-02-12",,,"86",",,W","52",",,W"
"USW00093134","LOS ANGELES DOWNTOWN USC, CA US","34.0236","-118.2911","54.6","2022-02-13",,,"84",",,W","54",",,W"
"USW00093134","LOS ANGELES DOWNTOWN USC, CA US","34.0236","-118.2911","54.6","2022-02-14",,,"75",",,W","50",",,W"
"USW00093134","LOS ANGELES DOWNTOWN USC, CA US","34.0236","-118.2911","54.6","2022-02-15",,,"60",",,W","50",",,W"
"USW00093134","LOS ANGELES DOWNTOWN USC, CA US","34.0236","-118.2911","54.6","2022-02-16",,,"64",",,W","46",",,W"
"USW00093134","LOS ANGELES DOWNTOWN USC, CA US","34.0236","-118.2911","54.6","2022-02-17",,,"69",",,W","47",",,W"
"USW00093134","LOS ANGELES DOWNTOWN USC, CA US","34.0236","-118.2911","54.6","2022-02-18",,,"71",",,W","48",",,W"
"USW00093134","LOS ANGELES DOWNTOWN USC, CA US","34.0236","-118.2911","54.6","2022-02-19",,,"73",",,W","48",",,W"
"USW00093134","LOS ANGELES DOWNTOWN USC, CA US","34.0236","-118.2911","54.6","2022-02-20",,,"65",",,W","49",",,W"
"USW00093134","LOS ANGELES DOWNTOWN USC, CA US","34.0236","-118.2911","54.6","2022-02-21",,,"59",",,W","51",",,W"
"USW00093134","LOS ANGELES DOWNTOWN USC, CA US","34.0236","-118.2911","54.6","2022-02-22",,,"58",",,W","46",",,W"
"USW00093134","LOS ANGELES DOWNTOWN USC, CA US","34.0236","-118.2911","54.6","2022-02-23",,,"56",",,W","43",",,W"
"USW00093134","LOS ANGELES DOWNTOWN USC, CA US","34.0236","-118.2911","54.6","2022-02-24",,,"60",",,W","37",",,W"
"USW00093134","LOS ANGELES DOWNTOWN USC, CA US","34.0236","-118.2911","54.6","2022-02-25",,,"62",",,W","41",",,W"
"USW00093134","LOS ANGELES DOWNTOWN USC, CA US","34.0236","-118.2911","54.6","2022-02-26",,,"68",",,W","41",",,W"
"USW00093134","LOS ANGELES DOWNTOWN USC, CA US","34.0236","-118.2911","54.6","2022-02-27",,,"74",",,W","47",",,W"
"USW00093134","LOS ANGELES DOWNTOWN USC, CA US","34.0236","-118.2911","54.6","2022-02-28",,,"81",",,W","47",",,W"
"USW00093134","LOS ANGELES DOWNTOWN USC, CA US","34.0236","-118.2911","54.6","2022-03-01",,,"82",",,W","50",",,W"
"USW00093134","LOS ANGELES DOWNTOWN USC, CA US","34.0236","-118.2911","54.6","2022-03-02",,,"80",",,W","50",",,W"
"USW00093134","LOS ANGELES DOWNTOWN USC, CA US","34.0236","-118.2911","54.6","2022-03-03",,,"68",",,W","50",",,W"
"USW00093134","LOS ANGELES DOWNTOWN USC, CA US","34.0236","-118.2911","54.6","2022-03-04",,,"63",",,W","52",",,W"
"USW00093134","LOS ANGELES DOWNTOWN USC, CA US","34.0236","-118.2911","54.6","2022-03-05",,,"59",",,W","48",",,W"
"USW00093134","LOS ANGELES DOWNTOWN USC, CA US","34.0236","-118.2911","54.6","2022-03-06",,,"61",",,W","43",",,W"
"USW00093134","LOS ANGELES DOWNTOWN USC, CA US","34.0236","-118.2911","54.6","2022-03-07",,,"68",",,W","44",",,W"
"USW00093134","LOS ANGELES DOWNTOWN USC, CA US","34.0236","-118.2911","54.6","2022-03-08",,,"68",",,W","45",",,W"
"USW00093134","LOS ANGELES DOWNTOWN USC, CA US","34.0236","-118.2911","54.6","2022-03-09",,,"67",",,W","47",",,W"
"USW00093134","LOS ANGELES DOWNTOWN USC, CA US","34.0236","-118.2911","54.6","2022-03-10",,,"66",",,W","53",",,W"
"USW00093134","LOS ANGELES DOWNTOWN USC, CA US","34.0236","-118.2911","54.6","2022-03-11",,,"71",",,W","46",",,W"
"USW00093134","LOS ANGELES DOWNTOWN USC, CA US","34.0236","-118.2911","54.6","2022-03-12",,,"76",",,W","50",",,W"
"USW00093134","LOS ANGELES DOWNTOWN USC, CA US","34.0236","-118.2911","54.6","2022-03-13",,,"69",",,W","51",",,W"
"USW00093134","LOS ANGELES DOWNTOWN USC, CA US","34.0236","-118.2911","54.6","2022-03-14",,,"71",",,W","54",",,W"
"USW00093134","LOS ANGELES DOWNTOWN USC, CA US","34.0236","-118.2911","54.6","2022-03-15",,,"72",",,W","52",",,W"
"USW00093134","LOS ANGELES DOWNTOWN USC, CA US","34.0236","-118.2911","54.6","2022-03-16",,,"80",",,W","55",",,W"
"USW00093134","LOS ANGELES DOWNTOWN USC, CA US","34.0236","-118.2911","54.6","2022-03-17",,,"78",",,W","53",",,W"
"USW00093134","LOS ANGELES DOWNTOWN USC, CA US","34.0236","-118.2911","54.6","2022-03-18",,,"77",",,W","53",",,W"
"USW00093134","LOS ANGELES DOWNTOWN USC, CA US","34.0236","-118.2911","54.6","2022-03-19",,,"67",",,W","55",",,W"
"USW00093134","LOS ANGELES DOWNTOWN USC, CA US","34.0236","-118.2911","54.6","2022-03-20",,,"74",",,W","53",",,W"
"USW00093134","LOS ANGELES DOWNTOWN USC, CA US","34.0236","-118.2911","54.6","2022-03-21",,,"74",",,W","55",",,W"
"USW00093134","LOS ANGELES DOWNTOWN USC, CA US","34.0236","-118.2911","54.6","2022-03-22",,,"84",",,W","53",",,W"
"USW00093134","LOS ANGELES DOWNTOWN USC, CA US","34.0236","-118.2911","54.6","2022-03-23",,,"85",",,W","57",",,W"
"USW00093134","LOS ANGELES DOWNTOWN USC, CA US","34.0236","-118.2911","54.6","2022-03-24",,,"79",",,W","56",",,W"
"USW00093134","LOS ANGELES DOWNTOWN USC, CA US","34.0236","-118.2911","54.6","2022-03-25",,,"72",",,W","52",",,W"
"USW00093134","LOS ANGELES DOWNTOWN USC, CA US","34.0236","-118.2911","54.6","2022-03-26",,,"71",",,W","54",",,W"
"USW00093134","LOS ANGELES DOWNTOWN USC, CA US","34.0236","-118.2911","54.6","2022-03-27",,,"69",",,W","56",",,W"
"USW00093134","LOS ANGELES DOWNTOWN USC, CA US","34.0236","-118.2911","54.6","2022-03-28",,,"60",",,W","53",",,W"
"USW00093134","LOS ANGELES DOWNTOWN USC, CA US","34.0236","-118.2911","54.6","2022-03-29",,,"64",",,W","50",",,W"
"USW00093134","LOS ANGELES DOWNTOWN USC, CA US","34.0236","-118.2911","54.6","2022-03-30",,,"68",",,W","54",",,W"
"USW00093134","LOS ANGELES DOWNTOWN USC, CA US","34.0236","-118.2911","54.6","2022-03-31",,,"63",",,W","55",",,W"
"USW00093134","LOS ANGELES DOWNTOWN USC, CA US","34.0236","-118.2911","54.6","2022-04-01",,,"67",",,W","52",",,W"
"USW00093134","LOS ANGELES DOWNTOWN USC, CA US","34.0236","-118.2911","54.6","2022-04-02",,,"65",",,W","54",",,W"
"USW00093134","LOS ANGELES DOWNTOWN USC, CA US","34.0236","-118.2911","54.6","2022-04-03",,,"65",",,W","54",",,W"
"USW00093134","LOS ANGELES DOWNTOWN USC, CA US","34.0236","-118.2911","54.6","2022-04-04",,,"69",",,W","54",",,W"
"USW00093134","LOS ANGELES DOWNTOWN USC, CA US","34.0236","-118.2911","54.6","2022-04-05",,,"78",",,W","54",",,W"
"USW00093134","LOS ANGELES DOWNTOWN USC, CA US","34.0236","-118.2911","54.6","2022-04-06",,,"88",",,W","57",",,W"
"USW00093134","LOS ANGELES DOWNTOWN USC, CA US","34.0236","-118.2911","54.6","2022-04-07",,,"95",",,W","60",",,W"
"USW00093134","LOS ANGELES DOWNTOWN USC, CA US","34.0236","-118.2911","54.6","2022-04-08",,,"95",",,W","64",",,W"
"USW00093134","LOS ANGELES DOWNTOWN USC, CA US","34.0236","-118.2911","54.6","2022-04-09",,,"81",",,W","62",",,W"
"USW00093134","LOS ANGELES DOWNTOWN USC, CA US","34.0236","-118.2911","54.6","2022-04-10",,,"69",",,W","59",",,W"
"USW00093134","LOS ANGELES DOWNTOWN USC, CA US","34.0236","-118.2911","54.6","2022-04-11",,,"66",",,W","55",",,W"
"USW00093134","LOS ANGELES DOWNTOWN USC, CA US","34.0236","-118.2911","54.6","2022-04-12",,,"68",",,W","51",",,W"
"USW00093134","LOS ANGELES DOWNTOWN USC, CA US","34.0236","-118.2911","54.6","2022-04-13",,,"68",",,W","52",",,W"
"USW00093134","LOS ANGELES DOWNTOWN USC, CA US","34.0236","-118.2911","54.6","2022-04-14",,,"68",",,W","51",",,W"
"USW00093134","LOS ANGELES DOWNTOWN USC, CA US","34.0236","-118.2911","54.6","2022-04-15",,,"70",",,W","54",",,W"
"USW00093134","LOS ANGELES DOWNTOWN USC, CA US","34.0236","-118.2911","54.6","2022-04-16",,,"67",",,W","53",",,W"
"USW00093134","LOS ANGELES DOWNTOWN USC, CA US","34.0236","-118.2911","54.6","2022-04-17",,,"67",",,W","53",",,W"
"USW00093134","LOS ANGELES DOWNTOWN USC, CA US","34.0236","-118.2911","54.6","2022-04-18",,,"74",",,W","53",",,W"
"USW00093134","LOS ANGELES DOWNTOWN USC, CA US","34.0236","-118.2911","54.6","2022-04-19",,,"71",",,W","57",",,W"
"USW00093134","LOS ANGELES DOWNTOWN USC, CA US","34.0236","-118.2911","54.6","2022-04-20",,,"69",",,W","55",",,W"
"USW00093134","LOS ANGELES DOWNTOWN USC, CA US","34.0236","-118.2911","54.6","2022-04-21",,,"67",",,W","53",",,W"
"USW00093134","LOS ANGELES DOWNTOWN USC, CA US","34.0236","-118.2911","54.6","2022-04-22",,,"65",",,W","54",",,W"
"USW00093134","LOS ANGELES DOWNTOWN USC, CA US","34.0236","-118.2911","54.6","2022-04-23",,,"72",",,W","53",",,W"
"USW00093134","LOS ANGELES DOWNTOWN USC, CA US","34.0236","-118.2911","54.6","2022-04-24",,,"84",",,W","55",",,W"
"USW00093134","LOS ANGELES DOWNTOWN USC, CA US","34.0236","-118.2911","54.6","2022-04-25",,,"89",",,W","59",",,W"
"USW00093134","LOS ANGELES DOWNTOWN USC, CA US","34.0236","-118.2911","54.6","2022-04-26",,,"81",",,W","59",",,W"
"USW00093134","LOS ANGELES DOWNTOWN USC, CA US","34.0236","-118.2911","54.6","2022-04-27",,,"72",",,W","56",",,W"
"USW00093134","LOS ANGELES DOWNTOWN USC, CA US","34.0236","-118.2911","54.6","2022-04-28",,,"66",",,W","55",",,W"
"USW00093134","LOS ANGELES DOWNTOWN USC, CA US","34.0236","-118.2911","54.6","2022-04-29",,,"70",",,W","53",",,W"
"USW00093134","LOS ANGELES DOWNTOWN USC, CA US","34.0236","-118.2911","54.6","2022-04-30",,,"75",",,W","54",",,W"
"USW00093134","LOS ANGELES DOWNTOWN USC, CA US","34.0236","-118.2911","54.6","2022-05-01",,,"73",",,W","57",",,W"
"USW00093134","LOS ANGELES DOWNTOWN USC, CA US","34.0236","-118.2911","54.6","2022-05-02",,,"70",",,W","58",",,W"
"USW00093134","LOS ANGELES DOWNTOWN USC, CA US","34.0236","-118.2911","54.6","2022-05-03",,,"69",",,W","58",",,W"
"USW00093134","LOS ANGELES DOWNTOWN USC, CA US","34.0236","-118.2911","54.6","2022-05-04",,,"75",",,W","57",",,W"
"USW00093134","LOS ANGELES DOWNTOWN USC, CA US","34.0236","-118.2911","54.6","2022-05-05",,,"75",",,W","56",",,W"
"USW00093134","LOS ANGELES DOWNTOWN USC, CA US","34.0236","-118.2911","54.6","2022-05-06",,,"75",",,W","55",",,W"
"USW00093134","LOS ANGELES DOWNTOWN USC, CA US","34.0236","-118.2911","54.6","2022-05-07",,,"74",",,W","59",",,W"
"USW00093134","LOS ANGELES DOWNTOWN USC, CA US","34.0236","-118.2911","54.6","2022-05-08",,,"68",",,W","57",",,W"
"USW00093134","LOS ANGELES DOWNTOWN USC, CA US","34.0236","-118.2911","54.6","2022-05-09",,,"69",",,W","54",",,W"
"USW00093134","LOS ANGELES DOWNTOWN USC, CA US","34.0236","-118.2911","54.6","2022-05-10",,,"68",",,W","51",",,W"
"USW00093134","LOS ANGELES DOWNTOWN USC, CA US","34.0236","-118.2911","54.6","2022-05-11",,,"70",",,W","51",",,W"
"USW00093134","LOS ANGELES DOWNTOWN USC, CA US","34.0236","-118.2911","54.6","2022-05-12",,,"79",",,W","53",",,W"
"USW00093134","LOS ANGELES DOWNTOWN USC, CA US","34.0236","-118.2911","54.6","2022-05-13",,,"87",",,W","57",",,W"
"USW00093134","LOS ANGELES DOWNTOWN USC, CA US","34.0236","-118.2911","54.6","2022-05-14",,,"89",",,W","61",",,W"
"USW00093134","LOS ANGELES DOWNTOWN USC, CA US","34.0236","-118.2911","54.6","2022-05-15",,,"84",",,W","59",",,W"
"USW00093134","LOS ANGELES DOWNTOWN USC, CA US","34.0236","-118.2911","54.6","2022-05-16",,,"70",",,W","58",",,W"
"USW00093134","LOS ANGELES DOWNTOWN USC, CA US","34.0236","-118.2911","54.6","2022-05-17",,,"71",",,W","57",",,W"
"USW00093134","LOS ANGELES DOWNTOWN USC, CA US","34.0236","-118.2911","54.6","2022-05-18",,,"70",",,W","57",",,W"
"USW00093134","LOS ANGELES DOWNTOWN USC, CA US","34.0236","-118.2911","54.6","2022-05-19",,,"67",",,D","59",",,D"
"USW00093134","LOS ANGELES DOWNTOWN USC, CA US","34.0236","-118.2911","54.6","2022-05-20",,,"69",",,D","58",",,D"
"USW00093134","LOS ANGELES DOWNTOWN USC, CA US","34.0236","-118.2911","54.6","2022-05-21",,,"69",",,D","57",",,D"
"USW00093134","LOS ANGELES DOWNTOWN USC, CA US","34.0236","-118.2911","54.6","2022-05-22",,,"69",",,D","54",",,D"
"USW00093134","LOS ANGELES DOWNTOWN USC, CA US","34.0236","-118.2911","54.6","2022-05-23",,,"69",",,D","55",",,D"
"USW00093134","LOS ANGELES DOWNTOWN USC, CA US","34.0236","-118.2911","54.6","2022-05-24",,,"71",",,D","59",",,D"
"USW00093134","LOS ANGELES DOWNTOWN USC, CA US","34.0236","-118.2911","54.6","2022-05-25",,,"73",",,D","59",",,D"
"USW00093134","LOS ANGELES DOWNTOWN USC, CA US","34.0236","-118.2911","54.6","2022-05-26",,,"75",",,D","60",",,D"
"USW00093134","LOS ANGELES DOWNTOWN USC, CA US","34.0236","-118.2911","54.6","2022-05-27",,,"71",",,D","59",",,D"
"USW00093134","LOS ANGELES DOWNTOWN USC, CA US","34.0236","-118.2911","54.6","2022-05-28",,,"68",",,D","58",",,D"
"USW00093134","LOS ANGELES DOWNTOWN USC, CA US","34.0236","-118.2911","54.6","2022-05-29",,,"72",",,D","57",",,D"
"USW00093134","LOS ANGELES DOWNTOWN USC, CA US","34.0236","-118.2911","54.6","2022-05-30",,,"72",",,D","58",",,D"
"USW00093134","LOS ANGELES DOWNTOWN USC, CA US","34.0236","-118.2911","54.6","2022-05-31",,,"74",",,D","57",",,D"
"USW00093134","LOS ANGELES DOWNTOWN USC, CA US","34.0236","-118.2911","54.6","2022-06-01",,,"80",",,D","58",",,D"
"USW00093134","LOS ANGELES DOWNTOWN USC, CA US","34.0236","-118.2911","54.6","2022-06-02",,,"79",",,D","60",",,D"
"USW00093134","LOS ANGELES DOWNTOWN USC, CA US","34.0236","-118.2911","54.6","2022-06-03",,,"73",",,D","60",",,D"
"USW00093134","LOS ANGELES DOWNTOWN USC, CA US","34.0236","-118.2911","54.6","2022-06-04",,,"70",",,D","61",",,D"
"USW00093134","LOS ANGELES DOWNTOWN USC, CA US","34.0236","-118.2911","54.6","2022-06-05",,,"75",",,D","60",",,D"
"USW00093134","LOS ANGELES DOWNTOWN USC, CA US","34.0236","-118.2911","54.6","2022-06-06",,,"77",",,D","63",",,D"
"USW00093134","LOS ANGELES DOWNTOWN USC, CA US","34.0236","-118.2911","54.6","2022-06-07",,,"76",",,D","63",",,D"
"USW00093134","LOS ANGELES DOWNTOWN USC, CA US","34.0236","-118.2911","54.6","2022-06-08",,,"75",",,D","63",",,D"
"USW00093134","LOS ANGELES DOWNTOWN USC, CA US","34.0236","-118.2911","54.6","2022-06-09",,,"80",",,D","63",",,D"
"USW00093134","LOS ANGELES DOWNTOWN USC, CA US","34.0236","-118.2911","54.6","2022-06-10",,,"81",",,D","63",",,D"
"USW00093134","LOS ANGELES DOWNTOWN USC, CA US","34.0236","-118.2911","54.6","2022-06-11",,,"80",",,D","63",",,D"
"USW00093134","LOS ANGELES DOWNTOWN USC, CA US","34.0236","-118.2911","54.6","2022-06-12",,,"78",",,D","62",",,D"
"USW00093134","LOS ANGELES DOWNTOWN USC, CA US","34.0236","-118.2911","54.6","2022-06-13",,,"77",",,D","64",",,D"
"USW00093134","LOS ANGELES DOWNTOWN USC, CA US","34.0236","-118.2911","54.6","2022-06-14",,,"78",",,D","63",",,D"
"USW00093134","LOS ANGELES DOWNTOWN USC, CA US","34.0236","-118.2911","54.6","2022-06-15",,,"81",",,D","63",",,D"
"USW00093134","LOS ANGELES DOWNTOWN USC, CA US","34.0236","-118.2911","54.6","2022-06-16",,,"81",",,D","64",",,D"
"USW00093134","LOS ANGELES DOWNTOWN USC, CA US","34.0236","-118.2911","54.6","2022-06-17",,,"76",",,D","61",",,D"
"USW00093134","LOS ANGELES DOWNTOWN USC, CA US","34.0236","-118.2911","54.6","2022-06-18",,,"75",",,D","59",",,D"
"USW00093134","LOS ANGELES DOWNTOWN USC, CA US","34.0236","-118.2911","54.6","2022-06-19",,,"76",",,D","60",",,D"
"USW00093134","LOS ANGELES DOWNTOWN USC, CA US","34.0236","-118.2911","54.6","2022-06-20",,,"89",",,D","60",",,D"
"USW00093134","LOS ANGELES DOWNTOWN USC, CA US","34.0236","-118.2911","54.6","2022-06-21",,,"86",",,D","63",",,D"
"USW00093134","LOS ANGELES DOWNTOWN USC, CA US","34.0236","-118.2911","54.6","2022-06-22",,,"80",",,D","62",",,D"
"USW00093134","LOS ANGELES DOWNTOWN USC, CA US","34.0236","-118.2911","54.6","2022-06-23",,,"81",",,D","63",",,D"
"USW00093134","LOS ANGELES DOWNTOWN USC, CA US","34.0236","-118.2911","54.6","2022-06-24",,,"82",",,D","61",",,D"
"USW00093134","LOS ANGELES DOWNTOWN USC, CA US","34.0236","-118.2911","54.6","2022-06-25",,,"84",",,D","60",",,D"
"USW00093134","LOS ANGELES DOWNTOWN USC, CA US","34.0236","-118.2911","54.6","2022-06-26",,,"83",",,D","61",",,D"
"USW00093134","LOS ANGELES DOWNTOWN USC, CA US","34.0236","-118.2911","54.6","2022-06-27",,,"86",",,D","62",",,D"
"USW00093134","LOS ANGELES DOWNTOWN USC, CA US","34.0236","-118.2911","54.6","2022-06-28",,,"90",",,D","63",",,D"
"USW00093134","LOS ANGELES DOWNTOWN USC, CA US","34.0236","-118.2911","54.6","2022-06-29",,,"89",",,D","64",",,D"
"USW00093134","LOS ANGELES DOWNTOWN USC, CA US","34.0236","-118.2911","54.6","2022-06-30",,,"84",",,D","63",",,D"
"USW00093134","LOS ANGELES DOWNTOWN USC, CA US","34.0236","-118.2911","54.6","2022-07-01",,,"83",",,D","63",",,D"
"USW00093134","LOS ANGELES DOWNTOWN USC, CA US","34.0236","-118.2911","54.6","2022-07-02",,,"81",",,D","62",",,D"
"USW00093134","LOS ANGELES DOWNTOWN USC, CA US","34.0236","-118.2911","54.6","2022-07-03",,,"80",",,D","61",",,D"
"USW00093134","LOS ANGELES DOWNTOWN USC, CA US","34.0236","-118.2911","54.6","2022-07-04",,,"77",",,D","61",",,D"
"USW00093134","LOS ANGELES DOWNTOWN USC, CA US","34.0236","-118.2911","54.6","2022-07-05",,,"79",",,D","61",",,D"
"USW00093134","LOS ANGELES DOWNTOWN USC, CA US","34.0236","-118.2911","54.6","2022-07-06",,,"80",",,D","63",",,D"
"USW00093134","LOS ANGELES DOWNTOWN USC, CA US","34.0236","-118.2911","54.6","2022-07-07",,,"82",",,D","61",",,D"
"USW00093134","LOS ANGELES DOWNTOWN USC, CA US","34.0236","-118.2911","54.6","2022-07-08",,,"82",",,D","61",",,D"
"USW00093134","LOS ANGELES DOWNTOWN USC, CA US","34.0236","-118.2911","54.6","2022-07-09",,,"78",",,D","61",",,D"
"USW00093134","LOS ANGELES DOWNTOWN USC, CA US","34.0236","-118.2911","54.6","2022-07-10",,,"84",",,D","62",",,D"
"USW00093134","LOS ANGELES DOWNTOWN USC, CA US","34.0236","-118.2911","54.6","2022-07-11",,,"78",",,D","61",",,D"
"USW00093134","LOS ANGELES DOWNTOWN USC, CA US","34.0236","-118.2911","54.6","2022-07-12",,,"77",",,D","61",",,D"
"USW00093134","LOS ANGELES DOWNTOWN USC, CA US","34.0236","-118.2911","54.6","2022-07-13",,,"75",",,D","60",",,D"
"USW00093134","LOS ANGELES DOWNTOWN USC, CA US","34.0236","-118.2911","54.6","2022-07-14",,,"77",",,D","62",",,D"
