STATION,NAME,LATITUDE,LONGITUDE,ELEVATION,DATE,TAVG,TAVG_ATTRIBUTES,TMAX,TMAX_ATTRIBUTES,TMIN,TMIN_ATTRIBUTES
USW00093134,"LOS ANGELES DOWNTOWN USC, CA US",34.0236,-118.2911,54.6,1/1/21,,,70,",,W",45,",,W"
USW00093134,"LOS ANGELES DOWNTOWN USC, CA US",34.0236,-118.2911,54.6,1/2/21,,,66,",,W",47,",,W"
USW00093134,"LOS ANGELES DOWNTOWN USC, CA US",34.0236,-118.2911,54.6,1/3/21,,,64,",,W",50,",,W"
USW00093134,"LOS ANGELES DOWNTOWN USC, CA US",34.0236,-118.2911,54.6,1/4/21,,,62,",,W",48,",,W"
USW00093134,"LOS ANGELES DOWNTOWN USC, CA US",34.0236,-118.2911,54.6,1/5/21,,,63,",,W",48,",,W"
USW00093134,"LOS ANGELES DOWNTOWN USC, CA US",34.0236,-118.2911,54.6,1/6/21,,,72,",,W",48,",,W"
USW00093134,"LOS ANGELES DOWNTOWN USC, CA US",34.0236,-118.2911,54.6,1/7/21,,,75,",,W",45,",,W"
USW00093134,"LOS ANGELES DOWNTOWN USC, CA US",34.0236,-118.2911,54.6,1/8/21,,,68,",,W",46,",,W"
USW00093134,"LOS ANGELES DOWNTOWN USC, CA US",34.0236,-118.2911,54.6,1/9/21,,,74,",,W",49,",,W"
USW00093134,"LOS ANGELES DOWNTOWN USC, CA US",34.0236,-118.2911,54.6,1/10/21,,,72,",,W",47,",,W"
USW00093134,"LOS ANGELES DOWNTOWN USC, CA US",34.0236,-118.2911,54.6,1/11/21,,,74,",,W",46,",,W"
USW00093134,"LOS ANGELES DOWNTOWN USC, CA US",34.0236,-118.2911,54.6,1/12/21,,,72,",,W",48,",,W"
USW00093134,"LOS ANGELES DOWNTOWN USC, CA US",34.0236,-118.2911,54.6,1/13/21,,,75,",,W",48,",,W"
USW00093134,"LOS ANGELES DOWNTOWN USC, CA US",34.0236,-118.2911,54.6,1/14/21,,,83,",,W",50,",,W"
USW00093134,"LOS ANGELES DOWNTOWN USC, CA US",34.0236,-118.2911,54.6,1/15/21,,,88,",,W",52,",,W"
USW00093134,"LOS ANGELES DOWNTOWN USC, CA US",34.0236,-118.2911,54.6,1/16/21,,,88,",,W",54,",,W"
USW00093134,"LOS ANGELES DOWNTOWN USC, CA US",34.0236,-118.2911,54.6,1/17/21,,,86,",,W",54,",,W"
USW00093134,"LOS ANGELES DOWNTOWN USC, CA US",34.0236,-118.2911,54.6,1/18/21,,,79,",,W",53,",,W"
USW00093134,"LOS ANGELES DOWNTOWN USC, CA US",34.0236,-118.2911,54.6,1/19/21,,,71,",,W",56,",,W"
USW00093134,"LOS ANGELES DOWNTOWN USC, CA US",34.0236,-118.2911,54.6,1/20/21,,,77,",,W",53,",,W"
USW00093134,"LOS ANGELES DOWNTOWN USC, CA US",34.0236,-118.2911,54.6,1/21/21,,,71,",,W",53,",,W"
USW00093134,"LOS ANGELES DOWNTOWN USC, CA US",34.0236,-118.2911,54.6,1/22/21,,,64,",,W",51,",,W"
USW00093134,"LOS ANGELES DOWNTOWN USC, CA US",34.0236,-118.2911,54.6,1/23/21,,,56,",,W",48,",,W"
USW00093134,"LOS ANGELES DOWNTOWN USC, CA US",34.0236,-118.2911,54.6,1/24/21,,,60,",,W",43,",,W"
USW00093134,"LOS ANGELES DOWNTOWN USC, CA US",34.0236,-118.2911,54.6,1/25/21,,,56,",,W",43,",,W"
USW00093134,"LOS ANGELES DOWNTOWN USC, CA US",34.0236,-118.2911,54.6,1/26/21,,,58,",,W",40,",,W"
USW00093134,"LOS ANGELES DOWNTOWN USC, CA US",34.0236,-118.2911,54.6,1/27/21,,,61,",,W",50,",,W"
USW00093134,"LOS ANGELES DOWNTOWN USC, CA US",34.0236,-118.2911,54.6,1/28/21,,,65,",,W",46,",,W"
USW00093134,"LOS ANGELES DOWNTOWN USC, CA US",34.0236,-118.2911,54.6,1/29/21,,,54,",,W",46,",,W"
USW00093134,"LOS ANGELES DOWNTOWN USC, CA US",34.0236,-118.2911,54.6,1/30/21,,,64,",,W",44,",,W"
USW00093134,"LOS ANGELES DOWNTOWN USC, CA US",34.0236,-118.2911,54.6,1/31/21,,,71,",,W",48,",,W"
USW00093134,"LOS ANGELES DOWNTOWN USC, CA US",34.0236,-118.2911,54.6,2/1/21,,,73,",,W",58,",,W"
USW00093134,"LOS ANGELES DOWNTOWN USC, CA US",34.0236,-118.2911,54.6,2/2/21,,,71,",,W",54,",,W"
USW00093134,"LOS ANGELES DOWNTOWN USC, CA US",34.0236,-118.2911,54.6,2/3/21,,,67,",,W",49,",,W"
USW00093134,"LOS ANGELES DOWNTOWN USC, CA US",34.0236,-118.2911,54.6,2/4/21,,,66,",,W",52,",,W"
USW00093134,"LOS ANGELES DOWNTOWN USC, CA US",34.0236,-118.2911,54.6,2/5/21,,,69,",,W",50,",,W"
USW00093134,"LOS ANGELES DOWNTOWN USC, CA US",34.0236,-118.2911,54.6,2/6/21,,,73,",,W",47,",,W"
USW00093134,"LOS ANGELES DOWNTOWN USC, CA US",34.0236,-118.2911,54.6,2/7/21,,,69,",,W",48,",,W"
USW00093134,"LOS ANGELES DOWNTOWN USC, CA US",34.0236,-118.2911,54.6,2/8/21,,,65,",,W",51,",,W"
USW00093134,"LOS ANGELES DOWNTOWN USC, CA US",34.0236,-118.2911,54.6,2/9/21,,,62,",,W",54,",,W"
USW00093134,"LOS ANGELES DOWNTOWN USC, CA US",34.0236,-118.2911,54.6,2/10/21,,,62,",,W",52,",,W"
USW00093134,"LOS ANGELES DOWNTOWN USC, CA US",34.0236,-118.2911,54.6,2/11/21,,,68,",,W",48,",,W"
USW00093134,"LOS ANGELES DOWNTOWN USC, CA US",34.0236,-118.2911,54.6,2/12/21,,,70,",,W",55,",,W"
USW00093134,"LOS ANGELES DOWNTOWN USC, CA US",34.0236,-118.2911,54.6,2/13/21,,,64,",,W",54,",,W"
USW00093134,"LOS ANGELES DOWNTOWN USC, CA US",34.0236,-118.2911,54.6,2/14/21,,,71,",,W",57,",,W"
USW00093134,"LOS ANGELES DOWNTOWN USC, CA US",34.0236,-118.2911,54.6,2/15/21,,,66,",,W",52,",,W"
USW00093134,"LOS ANGELES DOWNTOWN USC, CA US",34.0236,-118.2911,54.6,2/16/21,,,70,",,W",53,",,W"
USW00093134,"LOS ANGELES DOWNTOWN USC, CA US",34.0236,-118.2911,54.6,2/17/21,,,71,",,W",49,",,W"
USW00093134,"LOS ANGELES DOWNTOWN USC, CA US",34.0236,-118.2911,54.6,2/18/21,,,69,",,W",47,",,W"
USW00093134,"LOS ANGELES DOWNTOWN USC, CA US",34.0236,-118.2911,54.6,2/19/21,,,71,",,W",47,",,W"
USW00093134,"LOS ANGELES DOWNTOWN USC, CA US",34.0236,-118.2911,54.6,2/20/21,,,68,",,W",47,",,W"
USW00093134,"LOS ANGELES DOWNTOWN USC, CA US",34.0236,-118.2911,54.6,2/21/21,,,73,",,W",46,",,W"
USW00093134,"LOS ANGELES DOWNTOWN USC, CA US",34.0236,-118.2911,54.6,2/22/21,,,82,",,W",48,",,W"
USW00093134,"LOS ANGELES DOWNTOWN USC, CA US",34.0236,-118.2911,54.6,2/23/21,,,79,",,W",53,",,W"
USW00093134,"LOS ANGELES DOWNTOWN USC, CA US",34.0236,-118.2911,54.6,2/24/21,,,75,",,W",52,",,W"
USW00093134,"LOS ANGELES DOWNTOWN USC, CA US",34.0236,-118.2911,54.6,2/25/21,,,74,",,W",51,",,W"
USW00093134,"LOS ANGELES DOWNTOWN USC, CA US",34.0236,-118.2911,54.6,2/26/21,,,74,",,W",47,",,W"
USW00093134,"LOS ANGELES DOWNTOWN USC, CA US",34.0236,-118.2911,54.6,2/27/21,,,75,",,W",50,",,W"
USW00093134,"LOS ANGELES DOWNTOWN USC, CA US",34.0236,-118.2911,54.6,2/28/21,,,73,",,W",49,",,W"
USW00093134,"LOS ANGELES DOWNTOWN USC, CA US",34.0236,-118.2911,54.6,3/1/21,,,76,",,W",50,",,W"
USW00093134,"LOS ANGELES DOWNTOWN USC, CA US",34.0236,-118.2911,54.6,3/2/21,,,76,",,W",49,",,W"
USW00093134,"LOS ANGELES DOWNTOWN USC, CA US",34.0236,-118.2911,54.6,3/3/21,,,58,",,W",48,",,W"
USW00093134,"LOS ANGELES DOWNTOWN USC, CA US",34.0236,-118.2911,54.6,3/4/21,,,67,",,W",46,",,W"
USW00093134,"LOS ANGELES DOWNTOWN USC, CA US",34.0236,-118.2911,54.6,3/5/21,,,78,",,W",49,",,W"
USW00093134,"LOS ANGELES DOWNTOWN USC, CA US",34.0236,-118.2911,54.6,3/6/21,,,69,",,W",51,",,W"
USW00093134,"LOS ANGELES DOWNTOWN USC, CA US",34.0236,-118.2911,54.6,3/7/21,,,64,",,W",55,",,W"
USW00093134,"LOS ANGELES DOWNTOWN USC, CA US",34.0236,-118.2911,54.6,3/8/21,,,66,",,W",54,",,W"
USW00093134,"LOS ANGELES DOWNTOWN USC, CA US",34.0236,-118.2911,54.6,3/9/21,,,63,",,W",48,",,W"
USW00093134,"LOS ANGELES DOWNTOWN USC, CA US",34.0236,-118.2911,54.6,3/10/21,,,59,",,W",47,",,W"
USW00093134,"LOS ANGELES DOWNTOWN USC, CA US",34.0236,-118.2911,54.6,3/11/21,,,58,",,W",46,",,W"
USW00093134,"LOS ANGELES DOWNTOWN USC, CA US",34.0236,-118.2911,54.6,3/12/21,,,60,",,W",44,",,W"
USW00093134,"LOS ANGELES DOWNTOWN USC, CA US",34.0236,-118.2911,54.6,3/13/21,,,64,",,W",46,",,W"
USW00093134,"LOS ANGELES DOWNTOWN USC, CA US",34.0236,-118.2911,54.6,3/14/21,,,64,",,W",53,",,W"
USW00093134,"LOS ANGELES DOWNTOWN USC, CA US",34.0236,-118.2911,54.6,3/15/21,,,58,",,W",47,",,W"
USW00093134,"LOS ANGELES DOWNTOWN USC, CA US",34.0236,-118.2911,54.6,3/16/21,,,61,",,W",45,",,W"
USW00093134,"LOS ANGELES DOWNTOWN USC, CA US",34.0236,-118.2911,54.6,3/17/21,,,67,",,W",45,",,W"
USW00093134,"LOS ANGELES DOWNTOWN USC, CA US",34.0236,-118.2911,54.6,3/18/21,,,66,",,W",51,",,W"
USW00093134,"LOS ANGELES DOWNTOWN USC, CA US",34.0236,-118.2911,54.6,3/19/21,,,72,",,W",50,",,W"
USW00093134,"LOS ANGELES DOWNTOWN USC, CA US",34.0236,-118.2911,54.6,3/20/21,,,68,",,W",55,",,W"
USW00093134,"LOS ANGELES DOWNTOWN USC, CA US",34.0236,-118.2911,54.6,3/21/21,,,69,",,W",49,",,W"
USW00093134,"LOS ANGELES DOWNTOWN USC, CA US",34.0236,-118.2911,54.6,3/22/21,,,69,",,W",53,",,W"
USW00093134,"LOS ANGELES DOWNTOWN USC, CA US",34.0236,-118.2911,54.6,3/23/21,,,71,",,W",52,",,W"
USW00093134,"LOS ANGELES DOWNTOWN USC, CA US",34.0236,-118.2911,54.6,3/24/21,,,73,",,W",55,",,W"
USW00093134,"LOS ANGELES DOWNTOWN USC, CA US",34.0236,-118.2911,54.6,3/25/21,,,64,",,W",52,",,W"
USW00093134,"LOS ANGELES DOWNTOWN USC, CA US",34.0236,-118.2911,54.6,3/26/21,,,65,",,W",51,",,W"
USW00093134,"LOS ANGELES DOWNTOWN USC, CA US",34.0236,-118.2911,54.6,3/27/21,,,76,",,W",49,",,W"
USW00093134,"LOS ANGELES DOWNTOWN USC, CA US",34.0236,-118.2911,54.6,3/28/21,,,86,",,W",53,",,W"
USW00093134,"LOS ANGELES DOWNTOWN USC, CA US",34.0236,-118.2911,54.6,3/29/21,,,80,",,W",54,",,W"
USW00093134,"LOS ANGELES DOWNTOWN USC, CA US",34.0236,-118.2911,54.6,3/30/21,,,75,",,W",56,",,W"
USW00093134,"LOS ANGELES DOWNTOWN USC, CA US",34.0236,-118.2911,54.6,3/31/21,,,88,",,W",54,",,W"
USW00093134,"LOS ANGELES DOWNTOWN USC, CA US",34.0236,-118.2911,54.6,4/1/21,,,88,",,W",61,",,W"
USW00093134,"LOS ANGELES DOWNTOWN USC, CA US",34.0236,-118.2911,54.6,4/2/21,,,75,",,W",56,",,W"
USW00093134,"LOS ANGELES DOWNTOWN USC, CA US",34.0236,-118.2911,54.6,4/3/21,,,70,",,W",55,",,W"
USW00093134,"LOS ANGELES DOWNTOWN USC, CA US",34.0236,-118.2911,54.6,4/4/21,,,76,",,W",52,",,W"
USW00093134,"LOS ANGELES DOWNTOWN USC, CA US",34.0236,-118.2911,54.6,4/5/21,,,72,",,W",55,",,W"
USW00093134,"LOS ANGELES DOWNTOWN USC, CA US",34.0236,-118.2911,54.6,4/6/21,,,70,",,W",54,",,W"
USW00093134,"LOS ANGELES DOWNTOWN USC, CA US",34.0236,-118.2911,54.6,4/7/21,,,73,",,W",55,",,W"
USW00093134,"LOS ANGELES DOWNTOWN USC, CA US",34.0236,-118.2911,54.6,4/8/21,,,75,",,W",55,",,W"
USW00093134,"LOS ANGELES DOWNTOWN USC, CA US",34.0236,-118.2911,54.6,4/9/21,,,74,",,W",55,",,W"
USW00093134,"LOS ANGELES DOWNTOWN USC, CA US",34.0236,-118.2911,54.6,4/10/21,,,77,",,W",55,",,W"
USW00093134,"LOS ANGELES DOWNTOWN USC, CA US",34.0236,-118.2911,54.6,4/11/21,,,74,",,W",58,",,W"
USW00093134,"LOS ANGELES DOWNTOWN USC, CA US",34.0236,-118.2911,54.6,4/12/21,,,68,",,W",58,",,W"
USW00093134,"LOS ANGELES DOWNTOWN USC, CA US",34.0236,-118.2911,54.6,4/13/21,,,63,",,W",57,",,W"
USW00093134,"LOS ANGELES DOWNTOWN USC, CA US",34.0236,-118.2911,54.6,4/14/21,,,65,",,W",54,",,W"
USW00093134,"LOS ANGELES DOWNTOWN USC, CA US",34.0236,-118.2911,54.6,4/15/21,,,68,",,W",51,",,W"
USW00093134,"LOS ANGELES DOWNTOWN USC, CA US",34.0236,-118.2911,54.6,4/16/21,,,71,",,W",56,",,W"
USW00093134,"LOS ANGELES DOWNTOWN USC, CA US",34.0236,-118.2911,54.6,4/17/21,,,71,",,W",55,",,W"
USW00093134,"LOS ANGELES DOWNTOWN USC, CA US",34.0236,-118.2911,54.6,4/18/21,,,89,",,W",55,",,W"
USW00093134,"LOS ANGELES DOWNTOWN USC, CA US",34.0236,-118.2911,54.6,4/19/21,,,85,",,W",59,",,W"
USW00093134,"LOS ANGELES DOWNTOWN USC, CA US",34.0236,-118.2911,54.6,4/20/21,,,74,",,W",57,",,W"
USW00093134,"LOS ANGELES DOWNTOWN USC, CA US",34.0236,-118.2911,54.6,4/21/21,,,66,",,W",58,",,W"
USW00093134,"LOS ANGELES DOWNTOWN USC, CA US",34.0236,-118.2911,54.6,4/22/21,,,63,",,W",58,",,W"
USW00093134,"LOS ANGELES DOWNTOWN USC, CA US",34.0236,-118.2911,54.6,4/23/21,,,65,",,W",58,",,W"
USW00093134,"LOS ANGELES DOWNTOWN USC, CA US",34.0236,-118.2911,54.6,4/24/21,,,66,",,W",56,",,W"
USW00093134,"LOS ANGELES DOWNTOWN USC, CA US",34.0236,-118.2911,54.6,4/25/21,,,68,",,W",56,",,W"
USW00093134,"LOS ANGELES DOWNTOWN USC, CA US",34.0236,-118.2911,54.6,4/26/21,,,65,",,W",55,",,W"
USW00093134,"LOS ANGELES DOWNTOWN USC, CA US",34.0236,-118.2911,54.6,4/27/21,,,68,",,W",56,",,W"
USW00093134,"LOS ANGELES DOWNTOWN USC, CA US",34.0236,-118.2911,54.6,4/28/21,,,80,",,W",53,",,W"
USW00093134,"LOS ANGELES DOWNTOWN USC, CA US",34.0236,-118.2911,54.6,4/29/21,,,87,",,W",58,",,W"
USW00093134,"LOS ANGELES DOWNTOWN USC, CA US",34.0236,-118.2911,54.6,4/30/21,,,90,",,W",61,",,W"
USW00093134,"LOS ANGELES DOWNTOWN USC, CA US",34.0236,-118.2911,54.6,5/1/21,,,76,",,W",58,",,W"
USW00093134,"LOS ANGELES DOWNTOWN USC, CA US",34.0236,-118.2911,54.6,5/2/21,,,71,",,W",60,",,W"
USW00093134,"LOS ANGELES DOWNTOWN USC, CA US",34.0236,-118.2911,54.6,5/3/21,,,72,",,W",60,",,W"
USW00093134,"LOS ANGELES DOWNTOWN USC, CA US",34.0236,-118.2911,54.6,5/4/21,,,79,",,W",60,",,W"
USW00093134,"LOS ANGELES DOWNTOWN USC, CA US",34.0236,-118.2911,54.6,5/5/21,,,80,",,W",59,",,W"
USW00093134,"LOS ANGELES DOWNTOWN USC, CA US",34.0236,-118.2911,54.6,5/6/21,,,72,",,W",59,",,W"
USW00093134,"LOS ANGELES DOWNTOWN USC, CA US",34.0236,-118.2911,54.6,5/7/21,,,69,",,W",59,",,W"
USW00093134,"LOS ANGELES DOWNTOWN USC, CA US",34.0236,-118.2911,54.6,5/8/21,,,72,",,W",60,",,W"
USW00093134,"LOS ANGELES DOWNTOWN USC, CA US",34.0236,-118.2911,54.6,5/9/21,,,71,",,W",60,",,W"
USW00093134,"LOS ANGELES DOWNTOWN USC, CA US",34.0236,-118.2911,54.6,5/10/21,,,69,",,W",61,",,W"
USW00093134,"LOS ANGELES DOWNTOWN USC, CA US",34.0236,-118.2911,54.6,5/11/21,,,72,",,W",62,",,W"
USW00093134,"LOS ANGELES DOWNTOWN USC, CA US",34.0236,-118.2911,54.6,5/12/21,,,73,",,W",61,",,W"
USW00093134,"LOS ANGELES DOWNTOWN USC, CA US",34.0236,-118.2911,54.6,5/13/21,,,67,",,W",61,",,W"
USW00093134,"LOS ANGELES DOWNTOWN USC, CA US",34.0236,-118.2911,54.6,5/14/21,,,73,",,W",60,",,W"
USW00093134,"LOS ANGELES DOWNTOWN USC, CA US",34.0236,-118.2911,54.6,5/15/21,,,70,",,W",61,",,W"
USW00093134,"LOS ANGELES DOWNTOWN USC, CA US",34.0236,-118.2911,54.6,5/16/21,,,66,",,W",58,",,W"
USW00093134,"LOS ANGELES DOWNTOWN USC, CA US",34.0236,-118.2911,54.6,5/17/21,,,68,",,W",60,",,W"
USW00093134,"LOS ANGELES DOWNTOWN USC, CA US",34.0236,-118.2911,54.6,5/18/21,,,72,",,W",59,",,W"
USW00093134,"LOS ANGELES DOWNTOWN USC, CA US",34.0236,-118.2911,54.6,5/19/21,,,75,",,W",60,",,W"
USW00093134,"LOS ANGELES DOWNTOWN USC, CA US",34.0236,-118.2911,54.6,5/20/21,,,71,",,W",58,",,W"
USW00093134,"LOS ANGELES DOWNTOWN USC, CA US",34.0236,-118.2911,54.6,5/21/21,,,75,",,W",56,",,W"
USW00093134,"LOS ANGELES DOWNTOWN USC, CA US",34.0236,-118.2911,54.6,5/22/21,,,70,",,W",54,",,W"
USW00093134,"LOS ANGELES DOWNTOWN USC, CA US",34.0236,-118.2911,54.6,5/23/21,,,72,",,W",54,",,W"
USW00093134,"LOS ANGELES DOWNTOWN USC, CA US",34.0236,-118.2911,54.6,5/24/21,,,84,",,W",55,",,W"
USW00093134,"LOS ANGELES DOWNTOWN USC, CA US",34.0236,-118.2911,54.6,5/25/21,,,85,",,W",62,",,W"
USW00093134,"LOS ANGELES DOWNTOWN USC, CA US",34.0236,-118.2911,54.6,5/26/21,,,79,",,W",63,",,W"
USW00093134,"LOS ANGELES DOWNTOWN USC, CA US",34.0236,-118.2911,54.6,5/27/21,,,74,",,W",62,",,W"
USW00093134,"LOS ANGELES DOWNTOWN USC, CA US",34.0236,-118.2911,54.6,5/28/21,,,73,",,W",59,",,W"
USW00093134,"LOS ANGELES DOWNTOWN USC, CA US",34.0236,-118.2911,54.6,5/29/21,,,71,",,W",60,",,W"
USW00093134,"LOS ANGELES DOWNTOWN USC, CA US",34.0236,-118.2911,54.6,5/30/21,,,71,",,W",61,",,W"
USW00093134,"LOS ANGELES DOWNTOWN USC, CA US",34.0236,-118.2911,54.6,5/31/21,,,74,",,W",62,",,W"
USW00093134,"LOS ANGELES DOWNTOWN USC, CA US",34.0236,-118.2911,54.6,6/1/21,,,75,",,W",61,",,W"
USW00093134,"LOS ANGELES DOWNTOWN USC, CA US",34.0236,-118.2911,54.6,6/2/21,,,73,",,W",60,",,W"
USW00093134,"LOS ANGELES DOWNTOWN USC, CA US",34.0236,-118.2911,54.6,6/3/21,,,78,",,W",61,",,W"
USW00093134,"LOS ANGELES DOWNTOWN USC, CA US",34.0236,-118.2911,54.6,6/4/21,,,77,",,W",60,",,W"
USW00093134,"LOS ANGELES DOWNTOWN USC, CA US",34.0236,-118.2911,54.6,6/5/21,,,78,",,W",62,",,W"
USW00093134,"LOS ANGELES DOWNTOWN USC, CA US",34.0236,-118.2911,54.6,6/6/21,,,75,",,W",62,",,W"
USW00093134,"LOS ANGELES DOWNTOWN USC, CA US",34.0236,-118.2911,54.6,6/7/21,,,71,",,W",62,",,W"
USW00093134,"LOS ANGELES DOWNTOWN USC, CA US",34.0236,-118.2911,54.6,6/8/21,,,75,",,W",62,",,W"
USW00093134,"LOS ANGELES DOWNTOWN USC, CA US",34.0236,-118.2911,54.6,6/9/21,,,75,",,W",61,",,W"
USW00093134,"LOS ANGELES DOWNTOWN USC, CA US",34.0236,-118.2911,54.6,6/10/21,,,75,",,W",58,",,W"
USW00093134,"LOS ANGELES DOWNTOWN USC, CA US",34.0236,-118.2911,54.6,6/11/21,,,81,",,W",59,",,W"
USW00093134,"LOS ANGELES DOWNTOWN USC, CA US",34.0236,-118.2911,54.6,6/12/21,,,83,",,W",61,",,W"
USW00093134,"LOS ANGELES DOWNTOWN USC, CA US",34.0236,-118.2911,54.6,6/13/21,,,84,",,W",61,",,W"
USW00093134,"LOS ANGELES DOWNTOWN USC, CA US",34.0236,-118.2911,54.6,6/14/21,,,85,",,W",63,",,W"
USW00093134,"LOS ANGELES DOWNTOWN USC, CA US",34.0236,-118.2911,54.6,6/15/21,,,90,",,W",65,",,W"
USW00093134,"LOS ANGELES DOWNTOWN USC, CA US",34.0236,-118.2911,54.6,6/16/21,,,88,",,W",68,",,W"
USW00093134,"LOS ANGELES DOWNTOWN USC, CA US",34.0236,-118.2911,54.6,6/17/21,,,87,",,W",67,",,W"
USW00093134,"LOS ANGELES DOWNTOWN USC, CA US",34.0236,-118.2911,54.6,6/18/21,,,82,",,W",66,",,W"
USW00093134,"LOS ANGELES DOWNTOWN USC, CA US",34.0236,-118.2911,54.6,6/19/21,,,77,",,W",64,",,W"
USW00093134,"LOS ANGELES DOWNTOWN USC, CA US",34.0236,-118.2911,54.6,6/20/21,,,78,",,W",63,",,W"
USW00093134,"LOS ANGELES DOWNTOWN USC, CA US",34.0236,-118.2911,54.6,6/21/21,,,82,",,W",64,",,W"
USW00093134,"LOS ANGELES DOWNTOWN USC, CA US",34.0236,-118.2911,54.6,6/22/21,,,76,",,W",62,",,W"
USW00093134,"LOS ANGELES DOWNTOWN USC, CA US",34.0236,-118.2911,54.6,6/23/21,,,81,",,W",63,",,W"
USW00093134,"LOS ANGELES DOWNTOWN USC, CA US",34.0236,-118.2911,54.6,6/24/21,,,74,",,W",62,",,W"
USW00093134,"LOS ANGELES DOWNTOWN USC, CA US",34.0236,-118.2911,54.6,6/25/21,,,79,",,W",61,",,W"
USW00093134,"LOS ANGELES DOWNTOWN USC, CA US",34.0236,-118.2911,54.6,6/26/21,,,81,",,W",63,",,W"
USW00093134,"LOS ANGELES DOWNTOWN USC, CA US",34.0236,-118.2911,54.6,6/27/21,,,80,",,W",65,",,W"
USW00093134,"LOS ANGELES DOWNTOWN USC, CA US",34.0236,-118.2911,54.6,6/28/21,,,81,",,W",66,",,W"
USW00093134,"LOS ANGELES DOWNTOWN USC, CA US",34.0236,-118.2911,54.6,6/29/21,,,81,",,W",67,",,W"
USW00093134,"LOS ANGELES DOWNTOWN USC, CA US",34.0236,-118.2911,54.6,6/30/21,,,81,",,W",66,",,W"
USW00093134,"LOS ANGELES DOWNTOWN USC, CA US",34.0236,-118.2911,54.6,7/1/21,,,83,",,W",66,",,W"
USW00093134,"LOS ANGELES DOWNTOWN USC, CA US",34.0236,-118.2911,54.6,7/2/21,,,83,",,W",64,",,W"
USW00093134,"LOS ANGELES DOWNTOWN USC, CA US",34.0236,-118.2911,54.6,7/3/21,,,81,",,W",64,",,W"
USW00093134,"LOS ANGELES DOWNTOWN USC, CA US",34.0236,-118.2911,54.6,7/4/21,,,81,",,W",63,",,W"
USW00093134,"LOS ANGELES DOWNTOWN USC, CA US",34.0236,-118.2911,54.6,7/5/21,,,81,",,W",62,",,W"
USW00093134,"LOS ANGELES DOWNTOWN USC, CA US",34.0236,-118.2911,54.6,7/6/21,,,81,",,W",63,",,W"
USW00093134,"LOS ANGELES DOWNTOWN USC, CA US",34.0236,-118.2911,54.6,7/7/21,,,80,",,W",65,",,W"
USW00093134,"LOS ANGELES DOWNTOWN USC, CA US",34.0236,-118.2911,54.6,7/8/21,,,84,",,W",68,",,W"
USW00093134,"LOS ANGELES DOWNTOWN USC, CA US",34.0236,-118.2911,54.6,7/9/21,,,86,",,W",68,",,W"
USW00093134,"LOS ANGELES DOWNTOWN USC, CA US",34.0236,-118.2911,54.6,7/10/21,,,85,",,W",69,",,W"
USW00093134,"LOS ANGELES DOWNTOWN USC, CA US",34.0236,-118.2911,54.6,7/11/21,,,86,",,W",68,",,W"
USW00093134,"LOS ANGELES DOWNTOWN USC, CA US",34.0236,-118.2911,54.6,7/12/21,,,83,",,W",69,",,W"
USW00093134,"LOS ANGELES DOWNTOWN USC, CA US",34.0236,-118.2911,54.6,7/13/21,,,82,",,W",69,",,W"
USW00093134,"LOS ANGELES DOWNTOWN USC, CA US",34.0236,-118.2911,54.6,7/14/21,,,85,",,W",67,",,W"
USW00093134,"LOS ANGELES DOWNTOWN USC, CA US",34.0236,-118.2911,54.6,7/15/21,,,84,",,W",67,",,W"
USW00093134,"LOS ANGELES DOWNTOWN USC, CA US",34.0236,-118.2911,54.6,7/16/21,,,82,",,W",67,",,W"
USW00093134,"LOS ANGELES DOWNTOWN USC, CA US",34.0236,-118.2911,54.6,7/17/21,,,85,",,W",66,",,W"
USW00093134,"LOS ANGELES DOWNTOWN USC, CA US",34.0236,-118.2911,54.6,7/18/21,,,88,",,W",67,",,W"
USW00093134,"LOS ANGELES DOWNTOWN USC, CA US",34.0236,-118.2911,54.6,7/19/21,,,87,",,W",69,",,W"
USW00093134,"LOS ANGELES DOWNTOWN USC, CA US",34.0236,-118.2911,54.6,7/20/21,,,87,",,W",68,",,W"
USW00093134,"LOS ANGELES DOWNTOWN USC, CA US",34.0236,-118.2911,54.6,7/21/21,,,90,",,W",68,",,W"
USW00093134,"LOS ANGELES DOWNTOWN USC, CA US",34.0236,-118.2911,54.6,7/22/21,,,87,",,W",70,",,W"
USW00093134,"LOS ANGELES DOWNTOWN USC, CA US",34.0236,-118.2911,54.6,7/23/21,,,86,",,W",67,",,W"
USW00093134,"LOS ANGELES DOWNTOWN USC, CA US",34.0236,-118.2911,54.6,7/24/21,,,80,",,W",68,",,W"
USW00093134,"LOS ANGELES DOWNTOWN USC, CA US",34.0236,-118.2911,54.6,7/25/21,,,83,",,W",67,",,W"
USW00093134,"LOS ANGELES DOWNTOWN USC, CA US",34.0236,-118.2911,54.6,7/26/21,,,77,",,W",67,",,W"
USW00093134,"LOS ANGELES DOWNTOWN USC, CA US",34.0236,-118.2911,54.6,7/27/21,,,78,",,W",66,",,W"
USW00093134,"LOS ANGELES DOWNTOWN USC, CA US",34.0236,-118.2911,54.6,7/28/21,,,83,",,W",65,",,W"
USW00093134,"LOS ANGELES DOWNTOWN USC, CA US",34.0236,-118.2911,54.6,7/29/21,,,82,",,W",65,",,W"
USW00093134,"LOS ANGELES DOWNTOWN USC, CA US",34.0236,-118.2911,54.6,7/30/21,,,82,",,W",64,",,W"
USW00093134,"LOS ANGELES DOWNTOWN USC, CA US",34.0236,-118.2911,54.6,7/31/21,,,80,",,W",64,",,W"
USW00093134,"LOS ANGELES DOWNTOWN USC, CA US",34.0236,-118.2911,54.6,8/1/21,,,86,",,W",64,",,W"
USW00093134,"LOS ANGELES DOWNTOWN USC, CA US",34.0236,-118.2911,54.6,8/2/21,,,92,",,W",64,",,W"
USW00093134,"LOS ANGELES DOWNTOWN USC, CA US",34.0236,-118.2911,54.6,8/3/21,,,89,",,W",65,",,W"
USW00093134,"LOS ANGELES DOWNTOWN USC, CA US",34.0236,-118.2911,54.6,8/4/21,,,84,",,W",66,",,W"
USW00093134,"LOS ANGELES DOWNTOWN USC, CA US",34.0236,-118.2911,54.6,8/5/21,,,85,",,W",67,",,W"
USW00093134,"LOS ANGELES DOWNTOWN USC, CA US",34.0236,-118.2911,54.6,8/6/21,,,83,",,W",67,",,W"
USW00093134,"LOS ANGELES DOWNTOWN USC, CA US",34.0236,-118.2911,54.6,8/7/21,,,83,",,W",67,",,W"
USW00093134,"LOS ANGELES DOWNTOWN USC, CA US",34.0236,-118.2911,54.6,8/8/21,,,81,",,W",66,",,W"
USW00093134,"LOS ANGELES DOWNTOWN USC, CA US",34.0236,-118.2911,54.6,8/9/21,,,86,",,W",66,",,W"
USW00093134,"LOS ANGELES DOWNTOWN USC, CA US",34.0236,-118.2911,54.6,8/10/21,,,84,",,W",64,",,W"
USW00093134,"LOS ANGELES DOWNTOWN USC, CA US",34.0236,-118.2911,54.6,8/11/21,,,89,",,W",66,",,W"
USW00093134,"LOS ANGELES DOWNTOWN USC, CA US",34.0236,-118.2911,54.6,8/12/21,,,92,",,W",69,",,W"
USW00093134,"LOS ANGELES DOWNTOWN USC, CA US",34.0236,-118.2911,54.6,8/13/21,,,90,",,W",69,",,W"
USW00093134,"LOS ANGELES DOWNTOWN USC, CA US",34.0236,-118.2911,54.6,8/14/21,,,87,",,W",68,",,W"
USW00093134,"LOS ANGELES DOWNTOWN USC, CA US",34.0236,-118.2911,54.6,8/15/21,,,88,",,W",67,",,W"
USW00093134,"LOS ANGELES DOWNTOWN USC, CA US",34.0236,-118.2911,54.6,8/16/21,,,89,",,W",69,",,W"
USW00093134,"LOS ANGELES DOWNTOWN USC, CA US",34.0236,-118.2911,54.6,8/17/21,,,86,",,W",70,",,W"
USW00093134,"LOS ANGELES DOWNTOWN USC, CA US",34.0236,-118.2911,54.6,8/18/21,,,78,",,W",69,",,W"
USW00093134,"LOS ANGELES DOWNTOWN USC, CA US",34.0236,-118.2911,54.6,8/19/21,,,79,",,W",66,",,W"
USW00093134,"LOS ANGELES DOWNTOWN USC, CA US",34.0236,-118.2911,54.6,8/20/21,,,77,",,W",66,",,W"
USW00093134,"LOS ANGELES DOWNTOWN USC, CA US",34.0236,-118.2911,54.6,8/21/21,,,76,",,W",64,",,W"
USW00093134,"LOS ANGELES DOWNTOWN USC, CA US",34.0236,-118.2911,54.6,8/22/21,,,75,",,W",64,",,W"
USW00093134,"LOS ANGELES DOWNTOWN USC, CA US",34.0236,-118.2911,54.6,8/23/21,,,77,",,W",63,",,W"
USW00093134,"LOS ANGELES DOWNTOWN USC, CA US",34.0236,-118.2911,54.6,8/24/21,,,78,",,W",61,",,W"
USW00093134,"LOS ANGELES DOWNTOWN USC, CA US",34.0236,-118.2911,54.6,8/25/21,,,83,",,W",63,",,W"
USW00093134,"LOS ANGELES DOWNTOWN USC, CA US",34.0236,-118.2911,54.6,8/26/21,,,91,",,W",64,",,W"
USW00093134,"LOS ANGELES DOWNTOWN USC, CA US",34.0236,-118.2911,54.6,8/27/21,,,85,",,W",62,",,W"
USW00093134,"LOS ANGELES DOWNTOWN USC, CA US",34.0236,-118.2911,54.6,8/28/21,,,81,",,W",60,",,W"
USW00093134,"LOS ANGELES DOWNTOWN USC, CA US",34.0236,-118.2911,54.6,8/29/21,,,78,",,W",61,",,W"
USW00093134,"LOS ANGELES DOWNTOWN USC, CA US",34.0236,-118.2911,54.6,8/30/21,,,81,",,W",63,",,W"
USW00093134,"LOS ANGELES DOWNTOWN USC, CA US",34.0236,-118.2911,54.6,8/31/21,,,75,",,W",64,",,W"
USW00093134,"LOS ANGELES DOWNTOWN USC, CA US",34.0236,-118.2911,54.6,9/1/21,,,77,",,W",65,",,W"
USW00093134,"LOS ANGELES DOWNTOWN USC, CA US",34.0236,-118.2911,54.6,9/2/21,,,76,",,W",63,",,W"
USW00093134,"LOS ANGELES DOWNTOWN USC, CA US",34.0236,-118.2911,54.6,9/3/21,,,77,",,W",63,",,W"
USW00093134,"LOS ANGELES DOWNTOWN USC, CA US",34.0236,-118.2911,54.6,9/4/21,,,88,",,W",61,",,W"
USW00093134,"LOS ANGELES DOWNTOWN USC, CA US",34.0236,-118.2911,54.6,9/5/21,,,94,",,W",62,",,W"
USW00093134,"LOS ANGELES DOWNTOWN USC, CA US",34.0236,-118.2911,54.6,9/6/21,,,86,",,W",68,",,W"
USW00093134,"LOS ANGELES DOWNTOWN USC, CA US",34.0236,-118.2911,54.6,9/7/21,,,84,",,W",67,",,W"
USW00093134,"LOS ANGELES DOWNTOWN USC, CA US",34.0236,-118.2911,54.6,9/8/21,,,84,",,W",64,",,W"
USW00093134,"LOS ANGELES DOWNTOWN USC, CA US",34.0236,-118.2911,54.6,9/9/21,,,89,",,W",64,",,W"
USW00093134,"LOS ANGELES DOWNTOWN USC, CA US",34.0236,-118.2911,54.6,9/10/21,,,83,",,W",65,",,W"
USW00093134,"LOS ANGELES DOWNTOWN USC, CA US",34.0236,-118.2911,54.6,9/11/21,,,88,",,W",67,",,W"
USW00093134,"LOS ANGELES DOWNTOWN USC, CA US",34.0236,-118.2911,54.6,9/12/21,,,85,",,W",61,",,W"
USW00093134,"LOS ANGELES DOWNTOWN USC, CA US",34.0236,-118.2911,54.6,9/13/21,,,80,",,W",59,",,W"
USW00093134,"LOS ANGELES DOWNTOWN USC, CA US",34.0236,-118.2911,54.6,9/14/21,,,80,",,W",57,",,W"
USW00093134,"LOS ANGELES DOWNTOWN USC, CA US",34.0236,-118.2911,54.6,9/15/21,,,76,",,W",61,",,W"
USW00093134,"LOS ANGELES DOWNTOWN USC, CA US",34.0236,-118.2911,54.6,9/16/21,,,74,",,W",60,",,W"
USW00093134,"LOS ANGELES DOWNTOWN USC, CA US",34.0236,-118.2911,54.6,9/17/21,,,75,",,W",60,",,W"
USW00093134,"LOS ANGELES DOWNTOWN USC, CA US",34.0236,-118.2911,54.6,9/18/21,,,73,",,W",59,",,W"
USW00093134,"LOS ANGELES DOWNTOWN USC, CA US",34.0236,-118.2911,54.6,9/19/21,,,76,",,W",59,",,W"
USW00093134,"LOS ANGELES DOWNTOWN USC, CA US",34.0236,-118.2911,54.6,9/20/21,,,84,",,W",62,",,W"
USW00093134,"LOS ANGELES DOWNTOWN USC, CA US",34.0236,-118.2911,54.6,9/21/21,,,94,",,W",64,",,W"
USW00093134,"LOS ANGELES DOWNTOWN USC, CA US",34.0236,-118.2911,54.6,9/22/21,,,88,",,W",67,",,W"
USW00093134,"LOS ANGELES DOWNTOWN USC, CA US",34.0236,-118.2911,54.6,9/23/21,,,81,",,W",61,",,W"
USW00093134,"LOS ANGELES DOWNTOWN USC, CA US",34.0236,-118.2911,54.6,9/24/21,,,76,",,W",60,",,W"
USW00093134,"LOS ANGELES DOWNTOWN USC, CA US",34.0236,-118.2911,54.6,9/25/21,,,74,",,W",61,",,W"
USW00093134,"LOS ANGELES DOWNTOWN USC, CA US",34.0236,-118.2911,54.6,9/26/21,,,69,",,W",63,",,W"
USW00093134,"LOS ANGELES DOWNTOWN USC, CA US",34.0236,-118.2911,54.6,9/27/21,,,68,",,W",63,",,W"
USW00093134,"LOS ANGELES DOWNTOWN USC, CA US",34.0236,-118.2911,54.6,9/28/21,,,72,",,W",62,",,W"
USW00093134,"LOS ANGELES DOWNTOWN USC, CA US",34.0236,-118.2911,54.6,9/29/21,,,73,",,W",59,",,W"
USW00093134,"LOS ANGELES DOWNTOWN USC, CA US",34.0236,-118.2911,54.6,9/30/21,,,86,",,W",58,",,W"
USW00093134,"LOS ANGELES DOWNTOWN USC, CA US",34.0236,-118.2911,54.6,10/1/21,,,90,",,W",59,",,W"
USW00093134,"LOS ANGELES DOWNTOWN USC, CA US",34.0236,-118.2911,54.6,10/2/21,,,91,",,W",58,",,W"
USW00093134,"LOS ANGELES DOWNTOWN USC, CA US",34.0236,-118.2911,54.6,10/3/21,,,93,",,W",61,",,W"
USW00093134,"LOS ANGELES DOWNTOWN USC, CA US",34.0236,-118.2911,54.6,10/4/21,,,86,",,W",66,",,W"
USW00093134,"LOS ANGELES DOWNTOWN USC, CA US",34.0236,-118.2911,54.6,10/5/21,,,81,",,W",64,",,W"
USW00093134,"LOS ANGELES DOWNTOWN USC, CA US",34.0236,-118.2911,54.6,10/6/21,,,74,",,W",62,",,W"
USW00093134,"LOS ANGELES DOWNTOWN USC, CA US",34.0236,-118.2911,54.6,10/7/21,,,71,",,W",64,",,W"
USW00093134,"LOS ANGELES DOWNTOWN USC, CA US",34.0236,-118.2911,54.6,10/8/21,,,69,",,W",60,",,W"
USW00093134,"LOS ANGELES DOWNTOWN USC, CA US",34.0236,-118.2911,54.6,10/9/21,,,71,",,W",55,",,W"
USW00093134,"LOS ANGELES DOWNTOWN USC, CA US",34.0236,-118.2911,54.6,10/10/21,,,79,",,W",55,",,W"
USW00093134,"LOS ANGELES DOWNTOWN USC, CA US",34.0236,-118.2911,54.6,10/11/21,,,73,",,W",57,",,W"
USW00093134,"LOS ANGELES DOWNTOWN USC, CA US",34.0236,-118.2911,54.6,10/12/21,,,70,",,W",56,",,W"
USW00093134,"LOS ANGELES DOWNTOWN USC, CA US",34.0236,-118.2911,54.6,10/13/21,,,73,",,W",51,",,W"
USW00093134,"LOS ANGELES DOWNTOWN USC, CA US",34.0236,-118.2911,54.6,10/14/21,,,76,",,W",52,",,W"
USW00093134,"LOS ANGELES DOWNTOWN USC, CA US",34.0236,-118.2911,54.6,10/15/21,,,88,",,W",55,",,W"
USW00093134,"LOS ANGELES DOWNTOWN USC, CA US",34.0236,-118.2911,54.6,10/16/21,,,87,",,W",58,",,W"
USW00093134,"LOS ANGELES DOWNTOWN USC, CA US",34.0236,-118.2911,54.6,10/17/21,,,75,",,W",54,",,W"
USW00093134,"LOS ANGELES DOWNTOWN USC, CA US",34.0236,-118.2911,54.6,10/18/21,,,67,",,W",58,",,W"
USW00093134,"LOS ANGELES DOWNTOWN USC, CA US",34.0236,-118.2911,54.6,10/19/21,,,69,",,W",53,",,W"
USW00093134,"LOS ANGELES DOWNTOWN USC, CA US",34.0236,-118.2911,54.6,10/20/21,,,71,",,W",53,",,W"
USW00093134,"LOS ANGELES DOWNTOWN USC, CA US",34.0236,-118.2911,54.6,10/21/21,,,76,",,W",52,",,W"
USW00093134,"LOS ANGELES DOWNTOWN USC, CA US",34.0236,-118.2911,54.6,10/22/21,,,68,",,W",57,",,W"
USW00093134,"LOS ANGELES DOWNTOWN USC, CA US",34.0236,-118.2911,54.6,10/23/21,,,69,",,W",60,",,W"
USW00093134,"LOS ANGELES DOWNTOWN USC, CA US",34.0236,-118.2911,54.6,10/24/21,,,71,",,W",59,",,W"
USW00093134,"LOS ANGELES DOWNTOWN USC, CA US",34.0236,-118.2911,54.6,10/25/21,,,61,",,W",54,",,W"
USW00093134,"LOS ANGELES DOWNTOWN USC, CA US",34.0236,-118.2911,54.6,10/26/21,,,70,",,W",50,",,W"
USW00093134,"LOS ANGELES DOWNTOWN USC, CA US",34.0236,-118.2911,54.6,10/27/21,,,82,",,W",52,",,W"
USW00093134,"LOS ANGELES DOWNTOWN USC, CA US",34.0236,-118.2911,54.6,10/28/21,,,88,",,W",58,",,W"
USW00093134,"LOS ANGELES DOWNTOWN USC, CA US",34.0236,-118.2911,54.6,10/29/21,,,85,",,W",59,",,W"
USW00093134,"LOS ANGELES DOWNTOWN USC, CA US",34.0236,-118.2911,54.6,10/30/21,,,71,",,W",58,",,W"
USW00093134,"LOS ANGELES DOWNTOWN USC, CA US",34.0236,-118.2911,54.6,10/31/21,,,68,",,W",57,",,W"
USW00093134,"LOS ANGELES DOWNTOWN USC, CA US",34.0236,-118.2911,54.6,11/1/21,,,66,",,W",55,",,W"
USW00093134,"LOS ANGELES DOWNTOWN USC, CA US",34.0236,-118.2911,54.6,11/2/21,,,68,",,W",54,",,W"
USW00093134,"LOS ANGELES DOWNTOWN USC, CA US",34.0236,-118.2911,54.6,11/3/21,,,71,",,W",56,",,W"
USW00093134,"LOS ANGELES DOWNTOWN USC, CA US",34.0236,-118.2911,54.6,11/4/21,,,71,",,W",57,",,W"
USW00093134,"LOS ANGELES DOWNTOWN USC, CA US",34.0236,-118.2911,54.6,11/5/21,,,72,",,W",56,",,W"
USW00093134,"LOS ANGELES DOWNTOWN USC, CA US",34.0236,-118.2911,54.6,11/6/21,,,69,",,W",56,",,W"
USW00093134,"LOS ANGELES DOWNTOWN USC, CA US",34.0236,-118.2911,54.6,11/7/21,,,66,",,W",54,",,W"
USW00093134,"LOS ANGELES DOWNTOWN USC, CA US",34.0236,-118.2911,54.6,11/8/21,,,69,",,W",55,",,W"
USW00093134,"LOS ANGELES DOWNTOWN USC, CA US",34.0236,-118.2911,54.6,11/9/21,,,66,",,W",55,",,W"
USW00093134,"LOS ANGELES DOWNTOWN USC, CA US",34.0236,-118.2911,54.6,11/10/21,,,74,",,W",59,",,W"
USW00093134,"LOS ANGELES DOWNTOWN USC, CA US",34.0236,-118.2911,54.6,11/11/21,,,85,",,W",56,",,W"
USW00093134,"LOS ANGELES DOWNTOWN USC, CA US",34.0236,-118.2911,54.6,11/12/21,,,90,",,W",58,",,W"
USW00093134,"LOS ANGELES DOWNTOWN USC, CA US",34.0236,-118.2911,54.6,11/13/21,,,90,",,W",62,",,W"
USW00093134,"LOS ANGELES DOWNTOWN USC, CA US",34.0236,-118.2911,54.6,11/14/21,,,89,",,W",56,",,W"
USW00093134,"LOS ANGELES DOWNTOWN USC, CA US",34.0236,-118.2911,54.6,11/15/21,,,81,",,W",56,",,W"
USW00093134,"LOS ANGELES DOWNTOWN USC, CA US",34.0236,-118.2911,54.6,11/16/21,,,67,",,W",56,",,W"
USW00093134,"LOS ANGELES DOWNTOWN USC, CA US",34.0236,-118.2911,54.6,11/17/21,,,68,",,W",55,",,W"
USW00093134,"LOS ANGELES DOWNTOWN USC, CA US",34.0236,-118.2911,54.6,11/18/21,,,66,",,W",52,",,W"
USW00093134,"LOS ANGELES DOWNTOWN USC, CA US",34.0236,-118.2911,54.6,11/19/21,,,67,",,W",56,",,W"
USW00093134,"LOS ANGELES DOWNTOWN USC, CA US",34.0236,-118.2911,54.6,11/20/21,,,65,",,W",54,",,W"
USW00093134,"LOS ANGELES DOWNTOWN USC, CA US",34.0236,-118.2911,54.6,11/21/21,,,84,",,W",50,",,W"
USW00093134,"LOS ANGELES DOWNTOWN USC, CA US",34.0236,-118.2911,54.6,11/22/21,,,83,",,W",53,",,W"
USW00093134,"LOS ANGELES DOWNTOWN USC, CA US",34.0236,-118.2911,54.6,11/23/21,,,74,",,W",56,",,W"
USW00093134,"LOS ANGELES DOWNTOWN USC, CA US",34.0236,-118.2911,54.6,11/24/21,,,72,",,W",52,",,W"
USW00093134,"LOS ANGELES DOWNTOWN USC, CA US",34.0236,-118.2911,54.6,11/25/21,,,76,",,W",47,",,W"
USW00093134,"LOS ANGELES DOWNTOWN USC, CA US",34.0236,-118.2911,54.6,11/26/21,,,76,",,W",47,",,W"
USW00093134,"LOS ANGELES DOWNTOWN USC, CA US",34.0236,-118.2911,54.6,11/27/21,,,77,",,W",49,",,W"
USW00093134,"LOS ANGELES DOWNTOWN USC, CA US",34.0236,-118.2911,54.6,11/28/21,,,76,",,W",49,",,W"
USW00093134,"LOS ANGELES DOWNTOWN USC, CA US",34.0236,-118.2911,54.6,11/29/21,,,76,",,W",50,",,W"
USW00093134,"LOS ANGELES DOWNTOWN USC, CA US",34.0236,-118.2911,54.6,11/30/21,,,68,",,W",49,",,W"
USW00093134,"LOS ANGELES DOWNTOWN USC, CA US",34.0236,-118.2911,54.6,12/1/21,,,73,",,W",49,",,W"
USW00093134,"LOS ANGELES DOWNTOWN USC, CA US",34.0236,-118.2911,54.6,12/2/21,,,63,",,W",51,",,W"
USW00093134,"LOS ANGELES DOWNTOWN USC, CA US",34.0236,-118.2911,54.6,12/3/21,,,63,",,W",53,",,W"
USW00093134,"LOS ANGELES DOWNTOWN USC, CA US",34.0236,-118.2911,54.6,12/4/21,,,64,",,W",54,",,W"
USW00093134,"LOS ANGELES DOWNTOWN USC, CA US",34.0236,-118.2911,54.6,12/5/21,,,65,",,W",51,",,W"
USW00093134,"LOS ANGELES DOWNTOWN USC, CA US",34.0236,-118.2911,54.6,12/6/21,,,67,",,W",47,",,W"
USW00093134,"LOS ANGELES DOWNTOWN USC, CA US",34.0236,-118.2911,54.6,12/7/21,,,64,",,W",54,",,W"
USW00093134,"LOS ANGELES DOWNTOWN USC, CA US",34.0236,-118.2911,54.6,12/8/21,,,66,",,W",50,",,W"
USW00093134,"LOS ANGELES DOWNTOWN USC, CA US",34.0236,-118.2911,54.6,12/9/21,,,59,",,W",52,",,W"
USW00093134,"LOS ANGELES DOWNTOWN USC, CA US",34.0236,-118.2911,54.6,12/10/21,,,62,",,W",46,",,W"
USW00093134,"LOS ANGELES DOWNTOWN USC, CA US",34.0236,-118.2911,54.6,12/11/21,,,67,",,W",47,",,W"
USW00093134,"LOS ANGELES DOWNTOWN USC, CA US",34.0236,-118.2911,54.6,12/12/21,,,64,",,W",43,",,W"
USW00093134,"LOS ANGELES DOWNTOWN USC, CA US",34.0236,-118.2911,54.6,12/13/21,,,59,",,W",47,",,W"
USW00093134,"LOS ANGELES DOWNTOWN USC, CA US",34.0236,-118.2911,54.6,12/14/21,,,58,",,W",43,",,W"
USW00093134,"LOS ANGELES DOWNTOWN USC, CA US",34.0236,-118.2911,54.6,12/15/21,,,57,",,W",39,",,W"
USW00093134,"LOS ANGELES DOWNTOWN USC, CA US",34.0236,-118.2911,54.6,12/16/21,,,58,",,W",40,",,W"
USW00093134,"LOS ANGELES DOWNTOWN USC, CA US",34.0236,-118.2911,54.6,12/17/21,,,66,",,W",45,",,W"
USW00093134,"LOS ANGELES DOWNTOWN USC, CA US",34.0236,-118.2911,54.6,12/18/21,,,69,",,W",42,",,W"
USW00093134,"LOS ANGELES DOWNTOWN USC, CA US",34.0236,-118.2911,54.6,12/19/21,,,65,",,W",42,",,W"
USW00093134,"LOS ANGELES DOWNTOWN USC, CA US",34.0236,-118.2911,54.6,12/20/21,,,66,",,W",41,",,W"
USW00093134,"LOS ANGELES DOWNTOWN USC, CA US",34.0236,-118.2911,54.6,12/21/21,,,69,",,W",50,",,W"
USW00093134,"LOS ANGELES DOWNTOWN USC, CA US",34.0236,-118.2911,54.6,12/22/21,,,64,",,W",47,",,W"
USW00093134,"LOS ANGELES DOWNTOWN USC, CA US",34.0236,-118.2911,54.6,12/23/21,,,58,",,W",52,",,W"
USW00093134,"LOS ANGELES DOWNTOWN USC, CA US",34.0236,-118.2911,54.6,12/24/21,,,61,",,W",52,",,W"
USW00093134,"LOS ANGELES DOWNTOWN USC, CA US",34.0236,-118.2911,54.6,12/25/21,,,56,",,W",50,",,W"
USW00093134,"LOS ANGELES DOWNTOWN USC, CA US",34.0236,-118.2911,54.6,12/26/21,,,59,",,W",44,",,W"
USW00093134,"LOS ANGELES DOWNTOWN USC, CA US",34.0236,-118.2911,54.6,12/27/21,,,55,",,W",42,",,W"
USW00093134,"LOS ANGELES DOWNTOWN USC, CA US",34.0236,-118.2911,54.6,12/28/21,,,55,",,W",42,",,W"
USW00093134,"LOS ANGELES DOWNTOWN USC, CA US",34.0236,-118.2911,54.6,12/29/21,,,53,",,W",46,",,W"
USW00093134,"LOS ANGELES DOWNTOWN USC, CA US",34.0236,-118.2911,54.6,12/30/21,,,55,",,W",51,",,W"
USW00093134,"LOS ANGELES DOWNTOWN USC, CA US",34.0236,-118.2911,54.6,12/31/21,,,59,",,W",45,",,W"
USW00093134,"LOS ANGELES DOWNTOWN USC, CA US",34.0236,-118.2911,54.6,1/1/22,,,62,",,W",45,",,W"
USW00093134,"LOS ANGELES DOWNTOWN USC, CA US",34.0236,-118.2911,54.6,1/2/22,,,64,",,W",43,",,W"
USW00093134,"LOS ANGELES DOWNTOWN USC, CA US",34.0236,-118.2911,54.6,1/3/22,,,62,",,W",42,",,W"
USW00093134,"LOS ANGELES DOWNTOWN USC, CA US",34.0236,-118.2911,54.6,1/4/22,,,63,",,W",42,",,W"
USW00093134,"LOS ANGELES DOWNTOWN USC, CA US",34.0236,-118.2911,54.6,1/5/22,,,69,",,W",43,",,W"
USW00093134,"LOS ANGELES DOWNTOWN USC, CA US",34.0236,-118.2911,54.6,1/6/22,,,71,",,W",46,",,W"
USW00093134,"LOS ANGELES DOWNTOWN USC, CA US",34.0236,-118.2911,54.6,1/7/22,,,56,",,W",48,",,W"
USW00093134,"LOS ANGELES DOWNTOWN USC, CA US",34.0236,-118.2911,54.6,1/8/22,,,63,",,W",48,",,W"
USW00093134,"LOS ANGELES DOWNTOWN USC, CA US",34.0236,-118.2911,54.6,1/9/22,,,75,",,W",45,",,W"
USW00093134,"LOS ANGELES DOWNTOWN USC, CA US",34.0236,-118.2911,54.6,1/10/22,,,73,",,W",51,",,W"
USW00093134,"LOS ANGELES DOWNTOWN USC, CA US",34.0236,-118.2911,54.6,1/11/22,,,78,",,W",50,",,W"
USW00093134,"LOS ANGELES DOWNTOWN USC, CA US",34.0236,-118.2911,54.6,1/12/22,,,76,",,W",47,",,W"
USW00093134,"LOS ANGELES DOWNTOWN USC, CA US",34.0236,-118.2911,54.6,1/13/22,,,69,",,W",56,",,W"
USW00093134,"LOS ANGELES DOWNTOWN USC, CA US",34.0236,-118.2911,54.6,1/14/22,,,74,",,W",51,",,W"
USW00093134,"LOS ANGELES DOWNTOWN USC, CA US",34.0236,-118.2911,54.6,1/15/22,,,68,",,W",53,",,W"
USW00093134,"LOS ANGELES DOWNTOWN USC, CA US",34.0236,-118.2911,54.6,1/16/22,,,75,",,W",60,",,W"
USW00093134,"LOS ANGELES DOWNTOWN USC, CA US",34.0236,-118.2911,54.6,1/17/22,,,64,",,W",57,",,W"
USW00093134,"LOS ANGELES DOWNTOWN USC, CA US",34.0236,-118.2911,54.6,1/18/22,,,65,",,W",54,",,W"
USW00093134,"LOS ANGELES DOWNTOWN USC, CA US",34.0236,-118.2911,54.6,1/19/22,,,64,",,W",52,",,W"
USW00093134,"LOS ANGELES DOWNTOWN USC, CA US",34.0236,-118.2911,54.6,1/20/22,,,74,",,W",47,",,W"
USW00093134,"LOS ANGELES DOWNTOWN USC, CA US",34.0236,-118.2911,54.6,1/21/22,,,70,",,W",47,",,W"
USW00093134,"LOS ANGELES DOWNTOWN USC, CA US",34.0236,-118.2911,54.6,1/22/22,,,72,",,W",50,",,W"
USW00093134,"LOS ANGELES DOWNTOWN USC, CA US",34.0236,-118.2911,54.6,1/23/22,,,73,",,W",49,",,W"
USW00093134,"LOS ANGELES DOWNTOWN USC, CA US",34.0236,-118.2911,54.6,1/24/22,,,71,",,W",47,",,W"
USW00093134,"LOS ANGELES DOWNTOWN USC, CA US",34.0236,-118.2911,54.6,1/25/22,,,67,",,W",47,",,W"
USW00093134,"LOS ANGELES DOWNTOWN USC, CA US",34.0236,-118.2911,54.6,1/26/22,,,71,",,W",45,",,W"
USW00093134,"LOS ANGELES DOWNTOWN USC, CA US",34.0236,-118.2911,54.6,1/27/22,,,70,",,W",46,",,W"
USW00093134,"LOS ANGELES DOWNTOWN USC, CA US",34.0236,-118.2911,54.6,1/28/22,,,73,",,W",46,",,W"
USW00093134,"LOS ANGELES DOWNTOWN USC, CA US",34.0236,-118.2911,54.6,1/29/22,,,68,",,W",51,",,W"
USW00093134,"LOS ANGELES DOWNTOWN USC, CA US",34.0236,-118.2911,54.6,1/30/22,,,70,",,W",43,",,W"
USW00093134,"LOS ANGELES DOWNTOWN USC, CA US",34.0236,-118.2911,54.6,1/31/22,,,63,",,W",46,",,W"
USW00093134,"LOS ANGELES DOWNTOWN USC, CA US",34.0236,-118.2911,54.6,2/1/22,,,63,",,W",50,",,W"
USW00093134,"LOS ANGELES DOWNTOWN USC, CA US",34.0236,-118.2911,54.6,2/2/22,,,65,",,W",45,",,W"
USW00093134,"LOS ANGELES DOWNTOWN USC, CA US",34.0236,-118.2911,54.6,2/3/22,,,65,",,W",42,",,W"
USW00093134,"LOS ANGELES DOWNTOWN USC, CA US",34.0236,-118.2911,54.6,2/4/22,,,70,",,W",44,",,W"
USW00093134,"LOS ANGELES DOWNTOWN USC, CA US",34.0236,-118.2911,54.6,2/5/22,,,70,",,W",42,",,W"
USW00093134,"LOS ANGELES DOWNTOWN USC, CA US",34.0236,-118.2911,54.6,2/6/22,,,75,",,W",43,",,W"
USW00093134,"LOS ANGELES DOWNTOWN USC, CA US",34.0236,-118.2911,54.6,2/7/22,,,76,",,W",47,",,W"
USW00093134,"LOS ANGELES DOWNTOWN USC, CA US",34.0236,-118.2911,54.6,2/8/22,,,79,",,W",51,",,W"
USW00093134,"LOS ANGELES DOWNTOWN USC, CA US",34.0236,-118.2911,54.6,2/9/22,,,83,",,W",50,",,W"
USW00093134,"LOS ANGELES DOWNTOWN USC, CA US",34.0236,-118.2911,54.6,2/10/22,,,83,",,W",55,",,W"
USW00093134,"LOS ANGELES DOWNTOWN USC, CA US",34.0236,-118.2911,54.6,2/11/22,,,82,",,W",53,",,W"
USW00093134,"LOS ANGELES DOWNTOWN USC, CA US",34.0236,-118.2911,54.6,2/12/22,,,86,",,W",52,",,W"
USW00093134,"LOS ANGELES DOWNTOWN USC, CA US",34.0236,-118.2911,54.6,2/13/22,,,84,",,W",54,",,W"
USW00093134,"LOS ANGELES DOWNTOWN USC, CA US",34.0236,-118.2911,54.6,2/14/22,,,75,",,W",50,",,W"
USW00093134,"LOS ANGELES DOWNTOWN USC, CA US",34.0236,-118.2911,54.6,2/15/22,,,60,",,W",50,",,W"
USW00093134,"LOS ANGELES DOWNTOWN USC, CA US",34.0236,-118.2911,54.6,2/16/22,,,64,",,W",46,",,W"
USW00093134,"LOS ANGELES DOWNTOWN USC, CA US",34.0236,-118.2911,54.6,2/17/22,,,69,",,W",47,",,W"
USW00093134,"LOS ANGELES DOWNTOWN USC, CA US",34.0236,-118.2911,54.6,2/18/22,,,71,",,W",48,",,W"
USW00093134,"LOS ANGELES DOWNTOWN USC, CA US",34.0236,-118.2911,54.6,2/19/22,,,73,",,W",48,",,W"
USW00093134,"LOS ANGELES DOWNTOWN USC, CA US",34.0236,-118.2911,54.6,2/20/22,,,65,",,W",49,",,W"
USW00093134,"LOS ANGELES DOWNTOWN USC, CA US",34.0236,-118.2911,54.6,2/21/22,,,59,",,W",51,",,W"
USW00093134,"LOS ANGELES DOWNTOWN USC, CA US",34.0236,-118.2911,54.6,2/22/22,,,58,",,W",46,",,W"
USW00093134,"LOS ANGELES DOWNTOWN USC, CA US",34.0236,-118.2911,54.6,2/23/22,,,56,",,W",43,",,W"
USW00093134,"LOS ANGELES DOWNTOWN USC, CA US",34.0236,-118.2911,54.6,2/24/22,,,60,",,W",37,",,W"
USW00093134,"LOS ANGELES DOWNTOWN USC, CA US",34.0236,-118.2911,54.6,2/25/22,,,62,",,W",41,",,W"
USW00093134,"LOS ANGELES DOWNTOWN USC, CA US",34.0236,-118.2911,54.6,2/26/22,,,68,",,W",41,",,W"
USW00093134,"LOS ANGELES DOWNTOWN USC, CA US",34.0236,-118.2911,54.6,2/27/22,,,74,",,W",47,",,W"
USW00093134,"LOS ANGELES DOWNTOWN USC, CA US",34.0236,-118.2911,54.6,2/28/22,,,81,",,W",47,",,W"
USW00093134,"LOS ANGELES DOWNTOWN USC, CA US",34.0236,-118.2911,54.6,3/1/22,,,82,",,W",50,",,W"
USW00093134,"LOS ANGELES DOWNTOWN USC, CA US",34.0236,-118.2911,54.6,3/2/22,,,80,",,W",50,",,W"
USW00093134,"LOS ANGELES DOWNTOWN USC, CA US",34.0236,-118.2911,54.6,3/3/22,,,68,",,W",50,",,W"
USW00093134,"LOS ANGELES DOWNTOWN USC, CA US",34.0236,-118.2911,54.6,3/4/22,,,63,",,W",52,",,W"
USW00093134,"LOS ANGELES DOWNTOWN USC, CA US",34.0236,-118.2911,54.6,3/5/22,,,59,",,W",48,",,W"
USW00093134,"LOS ANGELES DOWNTOWN USC, CA US",34.0236,-118.2911,54.6,3/6/22,,,61,",,W",43,",,W"
USW00093134,"LOS ANGELES DOWNTOWN USC, CA US",34.0236,-118.2911,54.6,3/7/22,,,68,",,W",44,",,W"
USW00093134,"LOS ANGELES DOWNTOWN USC, CA US",34.0236,-118.2911,54.6,3/8/22,,,68,",,W",45,",,W"
USW00093134,"LOS ANGELES DOWNTOWN USC, CA US",34.0236,-118.2911,54.6,3/9/22,,,67,",,W",47,",,W"
USW00093134,"LOS ANGELES DOWNTOWN USC, CA US",34.0236,-118.2911,54.6,3/10/22,,,66,",,W",53,",,W"
USW00093134,"LOS ANGELES DOWNTOWN USC, CA US",34.0236,-118.2911,54.6,3/11/22,,,71,",,W",46,",,W"
USW00093134,"LOS ANGELES DOWNTOWN USC, CA US",34.0236,-118.2911,54.6,3/12/22,,,76,",,W",50,",,W"
USW00093134,"LOS ANGELES DOWNTOWN USC, CA US",34.0236,-118.2911,54.6,3/13/22,,,69,",,W",51,",,W"
USW00093134,"LOS ANGELES DOWNTOWN USC, CA US",34.0236,-118.2911,54.6,3/14/22,,,71,",,W",54,",,W"
USW00093134,"LOS ANGELES DOWNTOWN USC, CA US",34.0236,-118.2911,54.6,3/15/22,,,72,",,W",52,",,W"
USW00093134,"LOS ANGELES DOWNTOWN USC, CA US",34.0236,-118.2911,54.6,3/16/22,,,80,",,W",55,",,W"
USW00093134,"LOS ANGELES DOWNTOWN USC, CA US",34.0236,-118.2911,54.6,3/17/22,,,78,",,W",53,",,W"
USW00093134,"LOS ANGELES DOWNTOWN USC, CA US",34.0236,-118.2911,54.6,3/18/22,,,77,",,W",53,",,W"
USW00093134,"LOS ANGELES DOWNTOWN USC, CA US",34.0236,-118.2911,54.6,3/19/22,,,67,",,W",55,",,W"
USW00093134,"LOS ANGELES DOWNTOWN USC, CA US",34.0236,-118.2911,54.6,3/20/22,,,74,",,W",53,",,W"
USW00093134,"LOS ANGELES DOWNTOWN USC, CA US",34.0236,-118.2911,54.6,3/21/22,,,74,",,W",55,",,W"
USW00093134,"LOS ANGELES DOWNTOWN USC, CA US",34.0236,-118.2911,54.6,3/22/22,,,84,",,W",53,",,W"
USW00093134,"LOS ANGELES DOWNTOWN USC, CA US",34.0236,-118.2911,54.6,3/23/22,,,85,",,W",57,",,W"
USW00093134,"LOS ANGELES DOWNTOWN USC, CA US",34.0236,-118.2911,54.6,3/24/22,,,79,",,W",56,",,W"
USW00093134,"LOS ANGELES DOWNTOWN USC, CA US",34.0236,-118.2911,54.6,3/25/22,,,72,",,W",52,",,W"
USW00093134,"LOS ANGELES DOWNTOWN USC, CA US",34.0236,-118.2911,54.6,3/26/22,,,71,",,W",54,",,W"
USW00093134,"LOS ANGELES DOWNTOWN USC, CA US",34.0236,-118.2911,54.6,3/27/22,,,69,",,W",56,",,W"
USW00093134,"LOS ANGELES DOWNTOWN USC, CA US",34.0236,-118.2911,54.6,3/28/22,,,60,",,W",53,",,W"
USW00093134,"LOS ANGELES DOWNTOWN USC, CA US",34.0236,-118.2911,54.6,3/29/22,,,64,",,W",50,",,W"
USW00093134,"LOS ANGELES DOWNTOWN USC, CA US",34.0236,-118.2911,54.6,3/30/22,,,68,",,W",54,",,W"
USW00093134,"LOS ANGELES DOWNTOWN USC, CA US",34.0236,-118.2911,54.6,3/31/22,,,63,",,W",55,",,W"
USW00093134,"LOS ANGELES DOWNTOWN USC, CA US",34.0236,-118.2911,54.6,4/1/22,,,67,",,W",52,",,W"
USW00093134,"LOS ANGELES DOWNTOWN USC, CA US",34.0236,-118.2911,54.6,4/2/22,,,65,",,W",54,",,W"
USW00093134,"LOS ANGELES DOWNTOWN USC, CA US",34.0236,-118.2911,54.6,4/3/22,,,65,",,W",54,",,W"
USW00093134,"LOS ANGELES DOWNTOWN USC, CA US",34.0236,-118.2911,54.6,4/4/22,,,69,",,W",54,",,W"
USW00093134,"LOS ANGELES DOWNTOWN USC, CA US",34.0236,-118.2911,54.6,4/5/22,,,78,",,W",54,",,W"
USW00093134,"LOS ANGELES DOWNTOWN USC, CA US",34.0236,-118.2911,54.6,4/6/22,,,88,",,W",57,",,W"
USW00093134,"LOS ANGELES DOWNTOWN USC, CA US",34.0236,-118.2911,54.6,4/7/22,,,95,",,W",60,",,W"
USW00093134,"LOS ANGELES DOWNTOWN USC, CA US",34.0236,-118.2911,54.6,4/8/22,,,95,",,W",64,",,W"
USW00093134,"LOS ANGELES DOWNTOWN USC, CA US",34.0236,-118.2911,54.6,4/9/22,,,81,",,W",62,",,W"
USW00093134,"LOS ANGELES DOWNTOWN USC, CA US",34.0236,-118.2911,54.6,4/10/22,,,69,",,W",59,",,W"
USW00093134,"LOS ANGELES DOWNTOWN USC, CA US",34.0236,-118.2911,54.6,4/11/22,,,66,",,W",55,",,W"
USW00093134,"LOS ANGELES DOWNTOWN USC, CA US",34.0236,-118.2911,54.6,4/12/22,,,68,",,W",51,",,W"
USW00093134,"LOS ANGELES DOWNTOWN USC, CA US",34.0236,-118.2911,54.6,4/13/22,,,68,",,W",52,",,W"
USW00093134,"LOS ANGELES DOWNTOWN USC, CA US",34.0236,-118.2911,54.6,4/14/22,,,68,",,W",51,",,W"
USW00093134,"LOS ANGELES DOWNTOWN USC, CA US",34.0236,-118.2911,54.6,4/15/22,,,70,",,W",54,",,W"
USW00093134,"LOS ANGELES DOWNTOWN USC, CA US",34.0236,-118.2911,54.6,4/16/22,,,67,",,W",53,",,W"
USW00093134,"LOS ANGELES DOWNTOWN USC, CA US",34.0236,-118.2911,54.6,4/17/22,,,67,",,W",53,",,W"
USW00093134,"LOS ANGELES DOWNTOWN USC, CA US",34.0236,-118.2911,54.6,4/18/22,,,74,",,W",53,",,W"
USW00093134,"LOS ANGELES DOWNTOWN USC, CA US",34.0236,-118.2911,54.6,4/19/22,,,71,",,W",57,",,W"
USW00093134,"LOS ANGELES DOWNTOWN USC, CA US",34.0236,-118.2911,54.6,4/20/22,,,69,",,W",55,",,W"
USW00093134,"LOS ANGELES DOWNTOWN USC, CA US",34.0236,-118.2911,54.6,4/21/22,,,67,",,W",53,",,W"
USW00093134,"LOS ANGELES DOWNTOWN USC, CA US",34.0236,-118.2911,54.6,4/22/22,,,65,",,W",54,",,W"
USW00093134,"LOS ANGELES DOWNTOWN USC, CA US",34.0236,-118.2911,54.6,4/23/22,,,72,",,W",53,",,W"
USW00093134,"LOS ANGELES DOWNTOWN USC, CA US",34.0236,-118.2911,54.6,4/24/22,,,84,",,W",55,",,W"
USW00093134,"LOS ANGELES DOWNTOWN USC, CA US",34.0236,-118.2911,54.6,4/25/22,,,89,",,W",59,",,W"
USW00093134,"LOS ANGELES DOWNTOWN USC, CA US",34.0236,-118.2911,54.6,4/26/22,,,81,",,W",59,",,W"
USW00093134,"LOS ANGELES DOWNTOWN USC, CA US",34.0236,-118.2911,54.6,4/27/22,,,72,",,W",56,",,W"
USW00093134,"LOS ANGELES DOWNTOWN USC, CA US",34.0236,-118.2911,54.6,4/28/22,,,66,",,W",55,",,W"
USW00093134,"LOS ANGELES DOWNTOWN USC, CA US",34.0236,-118.2911,54.6,4/29/22,,,70,",,W",53,",,W"
USW00093134,"LOS ANGELES DOWNTOWN USC, CA US",34.0236,-118.2911,54.6,4/30/22,,,75,",,W",54,",,W"
USW00093134,"LOS ANGELES DOWNTOWN USC, CA US",34.0236,-118.2911,54.6,5/1/22,,,73,",,W",57,",,W"
USW00093134,"LOS ANGELES DOWNTOWN USC, CA US",34.0236,-118.2911,54.6,5/2/22,,,70,",,W",58,",,W"
USW00093134,"LOS ANGELES DOWNTOWN USC, CA US",34.0236,-118.2911,54.6,5/3/22,,,69,",,W",58,",,W"
USW00093134,"LOS ANGELES DOWNTOWN USC, CA US",34.0236,-118.2911,54.6,5/4/22,,,75,",,W",57,",,W"
USW00093134,"LOS ANGELES DOWNTOWN USC, CA US",34.0236,-118.2911,54.6,5/5/22,,,75,",,W",56,",,W"
USW00093134,"LOS ANGELES DOWNTOWN USC, CA US",34.0236,-118.2911,54.6,5/6/22,,,75,",,W",55,",,W"
USW00093134,"LOS ANGELES DOWNTOWN USC, CA US",34.0236,-118.2911,54.6,5/7/22,,,74,",,W",59,",,W"
USW00093134,"LOS ANGELES DOWNTOWN USC, CA US",34.0236,-118.2911,54.6,5/8/22,,,68,",,W",57,",,W"
USW00093134,"LOS ANGELES DOWNTOWN USC, CA US",34.0236,-118.2911,54.6,5/9/22,,,69,",,W",54,",,W"
USW00093134,"LOS ANGELES DOWNTOWN USC, CA US",34.0236,-118.2911,54.6,5/10/22,,,68,",,W",51,",,W"
USW00093134,"LOS ANGELES DOWNTOWN USC, CA US",34.0236,-118.2911,54.6,5/11/22,,,70,",,W",51,",,W"
USW00093134,"LOS ANGELES DOWNTOWN USC, CA US",34.0236,-118.2911,54.6,5/12/22,,,79,",,W",53,",,W"
USW00093134,"LOS ANGELES DOWNTOWN USC, CA US",34.0236,-118.2911,54.6,5/13/22,,,87,",,W",57,",,W"
USW00093134,"LOS ANGELES DOWNTOWN USC, CA US",34.0236,-118.2911,54.6,5/14/22,,,89,",,W",61,",,W"
USW00093134,"LOS ANGELES DOWNTOWN USC, CA US",34.0236,-118.2911,54.6,5/15/22,,,84,",,W",59,",,W"
USW00093134,"LOS ANGELES DOWNTOWN USC, CA US",34.0236,-118.2911,54.6,5/16/22,,,70,",,W",58,",,W"
USW00093134,"LOS ANGELES DOWNTOWN USC, CA US",34.0236,-118.2911,54.6,5/17/22,,,71,",,W",57,",,W"
USW00093134,"LOS ANGELES DOWNTOWN USC, CA US",34.0236,-118.2911,54.6,5/18/22,,,70,",,W",57,",,W"
USW00093134,"LOS ANGELES DOWNTOWN USC, CA US",34.0236,-118.2911,54.6,5/19/22,,,67,",,D",59,",,D"
USW00093134,"LOS ANGELES DOWNTOWN USC, CA US",34.0236,-118.2911,54.6,5/20/22,,,69,",,D",58,",,D"
USW00093134,"LOS ANGELES DOWNTOWN USC, CA US",34.0236,-118.2911,54.6,5/21/22,,,69,",,D",57,",,D"
USW00093134,"LOS ANGELES DOWNTOWN USC, CA US",34.0236,-118.2911,54.6,5/22/22,,,69,",,D",54,",,D"
USW00093134,"LOS ANGELES DOWNTOWN USC, CA US",34.0236,-118.2911,54.6,5/23/22,,,69,",,D",55,",,D"
USW00093134,"LOS ANGELES DOWNTOWN USC, CA US",34.0236,-118.2911,54.6,5/24/22,,,71,",,D",59,",,D"
USW00093134,"LOS ANGELES DOWNTOWN USC, CA US",34.0236,-118.2911,54.6,5/25/22,,,73,",,D",59,",,D"
USW00093134,"LOS ANGELES DOWNTOWN USC, CA US",34.0236,-118.2911,54.6,5/26/22,,,75,",,D",60,",,D"
USW00093134,"LOS ANGELES DOWNTOWN USC, CA US",34.0236,-118.2911,54.6,5/27/22,,,71,",,D",59,",,D"
USW00093134,"LOS ANGELES DOWNTOWN USC, CA US",34.0236,-118.2911,54.6,5/28/22,,,68,",,D",58,",,D"
USW00093134,"LOS ANGELES DOWNTOWN USC, CA US",34.0236,-118.2911,54.6,5/29/22,,,72,",,D",57,",,D"
USW00093134,"LOS ANGELES DOWNTOWN USC, CA US",34.0236,-118.2911,54.6,5/30/22,,,72,",,D",58,",,D"
USW00093134,"LOS ANGELES DOWNTOWN USC, CA US",34.0236,-118.2911,54.6,5/31/22,,,74,",,D",57,",,D"
USW00093134,"LOS ANGELES DOWNTOWN USC, CA US",34.0236,-118.2911,54.6,6/1/22,,,80,",,D",58,",,D"
USW00093134,"LOS ANGELES DOWNTOWN USC, CA US",34.0236,-118.2911,54.6,6/2/22,,,79,",,D",60,",,D"
USW00093134,"LOS ANGELES DOWNTOWN USC, CA US",34.0236,-118.2911,54.6,6/3/22,,,73,",,D",60,",,D"
USW00093134,"LOS ANGELES DOWNTOWN USC, CA US",34.0236,-118.2911,54.6,6/4/22,,,70,",,D",61,",,D"
USW00093134,"LOS ANGELES DOWNTOWN USC, CA US",34.0236,-118.2911,54.6,6/5/22,,,75,",,D",60,",,D"
USW00093134,"LOS ANGELES DOWNTOWN USC, CA US",34.0236,-118.2911,54.6,6/6/22,,,77,",,D",63,",,D"
USW00093134,"LOS ANGELES DOWNTOWN USC, CA US",34.0236,-118.2911,54.6,6/7/22,,,76,",,D",63,",,D"
USW00093134,"LOS ANGELES DOWNTOWN USC, CA US",34.0236,-118.2911,54.6,6/8/22,,,75,",,D",63,",,D"
USW00093134,"LOS ANGELES DOWNTOWN USC, CA US",34.0236,-118.2911,54.6,6/9/22,,,80,",,D",63,",,D"
USW00093134,"LOS ANGELES DOWNTOWN USC, CA US",34.0236,-118.2911,54.6,6/10/22,,,81,",,D",63,",,D"
USW00093134,"LOS ANGELES DOWNTOWN USC, CA US",34.0236,-118.2911,54.6,6/11/22,,,80,",,D",63,",,D"
USW00093134,"LOS ANGELES DOWNTOWN USC, CA US",34.0236,-118.2911,54.6,6/12/22,,,78,",,D",62,",,D"
USW00093134,"LOS ANGELES DOWNTOWN USC, CA US",34.0236,-118.2911,54.6,6/13/22,,,77,",,D",64,",,D"
USW00093134,"LOS ANGELES DOWNTOWN USC, CA US",34.0236,-118.2911,54.6,6/14/22,,,78,",,D",63,",,D"
USW00093134,"LOS ANGELES DOWNTOWN USC, CA US",34.0236,-118.2911,54.6,6/15/22,,,81,",,D",63,",,D"
USW00093134,"LOS ANGELES DOWNTOWN USC, CA US",34.0236,-118.2911,54.6,6/16/22,,,81,",,D",64,",,D"
USW00093134,"LOS ANGELES DOWNTOWN USC, CA US",34.0236,-118.2911,54.6,6/17/22,,,76,",,D",61,",,D"
USW00093134,"LOS ANGELES DOWNTOWN USC, CA US",34.0236,-118.2911,54.6,6/18/22,,,75,",,D",59,",,D"
USW00093134,"LOS ANGELES DOWNTOWN USC, CA US",34.0236,-118.2911,54.6,6/19/22,,,76,",,D",60,",,D"
USW00093134,"LOS ANGELES DOWNTOWN USC, CA US",34.0236,-118.2911,54.6,6/20/22,,,89,",,D",60,",,D"
USW00093134,"LOS ANGELES DOWNTOWN USC, CA US",34.0236,-118.2911,54.6,6/21/22,,,86,",,D",63,",,D"
USW00093134,"LOS ANGELES DOWNTOWN USC, CA US",34.0236,-118.2911,54.6,6/22/22,,,80,",,D",62,",,D"
USW00093134,"LOS ANGELES DOWNTOWN USC, CA US",34.0236,-118.2911,54.6,6/23/22,,,81,",,D",63,",,D"
USW00093134,"LOS ANGELES DOWNTOWN USC, CA US",34.0236,-118.2911,54.6,6/24/22,,,82,",,D",61,",,D"
USW00093134,"LOS ANGELES DOWNTOWN USC, CA US",34.0236,-118.2911,54.6,6/25/22,,,84,",,D",60,",,D"
USW00093134,"LOS ANGELES DOWNTOWN USC, CA US",34.0236,-118.2911,54.6,6/26/22,,,83,",,D",61,",,D"
USW00093134,"LOS ANGELES DOWNTOWN USC, CA US",34.0236,-118.2911,54.6,6/27/22,,,86,",,D",62,",,D"
USW00093134,"LOS ANGELES DOWNTOWN USC, CA US",34.0236,-118.2911,54.6,6/28/22,,,90,",,D",63,",,D"
USW00093134,"LOS ANGELES DOWNTOWN USC, CA US",34.0236,-118.2911,54.6,6/29/22,,,89,",,D",64,",,D"
USW00093134,"LOS ANGELES DOWNTOWN USC, CA US",34.0236,-118.2911,54.6,6/30/22,,,84,",,D",63,",,D"
USW00093134,"LOS ANGELES DOWNTOWN USC, CA US",34.0236,-118.2911,54.6,7/1/22,,,83,",,D",63,",,D"
USW00093134,"LOS ANGELES DOWNTOWN USC, CA US",34.0236,-118.2911,54.6,7/2/22,,,81,",,D",62,",,D"
USW00093134,"LOS ANGELES DOWNTOWN USC, CA US",34.0236,-118.2911,54.6,7/3/22,,,80,",,D",61,",,D"
USW00093134,"LOS ANGELES DOWNTOWN USC, CA US",34.0236,-118.2911,54.6,7/4/22,,,77,",,D",61,",,D"
USW00093134,"LOS ANGELES DOWNTOWN USC, CA US",34.0236,-118.2911,54.6,7/5/22,,,79,",,D",61,",,D"
USW00093134,"LOS ANGELES DOWNTOWN USC, CA US",34.0236,-118.2911,54.6,7/6/22,,,80,",,D",63,",,D"
USW00093134,"LOS ANGELES DOWNTOWN USC, CA US",34.0236,-118.2911,54.6,7/7/22,,,82,",,D",61,",,D"
USW00093134,"LOS ANGELES DOWNTOWN USC, CA US",34.0236,-118.2911,54.6,7/8/22,,,82,",,D",61,",,D"
USW00093134,"LOS ANGELES DOWNTOWN USC, CA US",34.0236,-118.2911,54.6,7/9/22,,,78,",,D",61,",,D"
USW00093134,"LOS ANGELES DOWNTOWN USC, CA US",34.0236,-118.2911,54.6,7/10/22,,,84,",,D",62,",,D"
USW00093134,"LOS ANGELES DOWNTOWN USC, CA US",34.0236,-118.2911,54.6,7/11/22,,,78,",,D",61,",,D"
USW00093134,"LOS ANGELES DOWNTOWN USC, CA US",34.0236,-118.2911,54.6,7/12/22,,,77,",,D",61,",,D"
USW00093134,"LOS ANGELES DOWNTOWN USC, CA US",34.0236,-118.2911,54.6,7/13/22,,,75,",,D",60,",,D"
USW00093134,"LOS ANGELES DOWNTOWN USC, CA US",34.0236,-118.2911,54.6,7/14/22,,,77,",,D",62,",,D"